timestamp,Clocks / Second,GPU Frequency,GPU % Bus Busy,Preemptions / second,Avg Preemption Delay,% Vertex Fetch Stall,% Texture Fetch Stall,% Texture L1 Miss,% Texture L2 Miss,% Stalled on System Memory,Read Total (Bytes/sec),Write Total (Bytes/sec),Texture Memory Read BW (Bytes/Second),Vertex Memory Read (Bytes/Second),SP Memory Read (Bytes/Second),% Shaders Busy,% Shaders Stalled,% Shader ALU Capacity Utilized,% Time ALUs Working,% Time EFUs Working,% Texture Pipes Busy,% Wave Context Occupancy,% Instruction Cache Miss,% Time Compute,% Time Shading Vertices,Vertices Shaded / Second,Vertex Instructions / Second,Textures / Vertex,Avg Bytes / Vertex,ALU / Vertex,EFU / Vertex,% Time Shading Fragments,Fragments Shaded / Second,Fragment Instructions / Second,Fragment ALU Instructions / Sec (Full),Fragment ALU Instructions / Sec (Half),Fragment EFU Instructions / Second,L1 Texture Cache Miss Per Pixel,Textures / Fragment,Avg Bytes / Fragment,ALU / Fragment,EFU / Fragment,Pre-clipped Polygons/Second,% Prims Trivially Rejected,% Prims Clipped,Average Vertices / Polygon,Reused Vertices / Second,Average Polygon Area,% Nearest Filtered,% Linear Filtered,% Anisotropic Filtered,% Non-Base Level Textures,device,app,app_details,is_record,is_wireless,repetition
12/9/2023 6:54:04 PM,326444512.0,525000000.0,30.632,203.445,16.151,1.485,29.63,31.873,9.424,6.217,3048913152.0,1375367040.0,2701508608.0,128905288.0,7086934.5,77.477,14.089,39.57,43.168,27.183,72.973,87.864,0.0,0.0,2.289,9462501.0,684308608.0,0.467,13.623,69.066,3.252,97.711,1557243264.0,73718153216.0,25378564096.0,81266966528.0,7706101760.0,0.41,2.079,1.02,38.376,4.48,9412980.0,36.026,0.328,1.005,18679866.0,261.114,0.15,99.874,0.001,0.0,Quest-Pro,Phasmophobia,Jenga,False,False,0.2
12/9/2023 6:54:05 PM,322322656.0,525000000.0,31.409,184.181,25.006,1.476,29.502,31.74,9.84,6.255,3034627072.0,1369444224.0,2696843520.0,122711536.0,5949858.5,77.185,14.107,39.655,43.262,27.484,72.539,87.8,0.0,0.0,2.325,9264587.0,665442560.0,0.468,13.245,68.567,3.26,97.675,1499541632.0,71284473856.0,24364275712.0,78615445504.0,7612477440.0,0.408,2.067,1.058,38.436,4.595,9243252.0,36.912,0.355,1.002,18278170.0,259.538,0.157,99.845,0.001,0.003,Quest-Pro,Phasmophobia,Jenga,False,False,0.2
12/9/2023 6:54:06 PM,327737504.0,525000000.0,32.533,179.193,1.918,1.518,30.544,31.767,10.031,6.564,3193774080.0,1409605888.0,2846860544.0,128438080.0,321114.312,79.127,14.312,39.764,43.414,28.048,74.192,87.667,0.0,0.0,2.418,10083075.0,713855424.0,0.464,12.738,67.523,3.275,97.582,1535546624.0,74440237056.0,24988225536.0,82519588864.0,8192215552.0,0.413,2.075,1.1,38.943,4.816,10046231.0,38.56,0.324,1.004,19886052.0,250.963,0.174,99.827,0.001,0.0,Quest-Pro,Phasmophobia,Jenga,False,False,0.2
12/9/2023 6:54:07 PM,332566976.0,525000000.0,31.464,208.597,15.836,1.482,29.714,31.821,9.833,6.592,3116642304.0,1411735424.0,2770149376.0,128478432.0,5987243.5,77.745,14.681,39.31,42.866,26.879,73.205,87.8,0.0,0.0,2.289,9464899.0,684230272.0,0.467,13.574,69.04,3.251,97.711,1580540928.0,73808674816.0,25628246016.0,80979197952.0,7690829312.0,0.405,2.058,1.033,37.934,4.412,9408230.0,36.088,0.361,1.006,18682114.0,265.402,0.149,99.879,0.001,0.0,Quest-Pro,Phasmophobia,Jenga,False,False,0.2
12/9/2023 6:54:08 PM,336367744.0,525000000.0,31.858,189.169,5.555,1.485,30.228,31.713,10.112,6.321,3195654144.0,1394473344.0,2840414464.0,128341968.0,3711062.25,78.208,14.486,39.533,43.149,27.843,73.316,87.551,0.0,0.0,2.396,10075402.0,712912064.0,0.464,12.738,67.484,3.274,97.604,1531006720.0,74172588032.0,24906131456.0,82202042368.0,8165435904.0,0.412,2.072,1.103,38.93,4.816,10035348.0,38.621,0.299,1.004,19869112.0,250.802,0.175,99.805,0.001,0.026,Quest-Pro,Phasmophobia,Jenga,False,False,0.2
12/9/2023 6:54:09 PM,324452800.0,525000000.0,31.048,227.985,15.955,1.506,28.967,31.796,9.703,5.71,3226962688.0,1416561408.0,2862902016.0,133461808.0,6003900.5,77.394,14.008,39.967,43.62,27.742,72.544,87.443,0.0,0.0,2.402,10202981.0,725927872.0,0.455,13.081,67.893,3.256,97.598,1574255616.0,75372191744.0,25661753344.0,83339943936.0,8040462848.0,0.411,2.081,1.048,38.668,4.618,10135200.0,38.082,0.327,1.007,20124788.0,253.216,0.169,99.846,0.002,0.0,Quest-Pro,Phasmophobia,Jenga,False,False,0.2
12/9/2023 6:54:10 PM,109740232.0,525000000.0,3.411,64.678,4.452,1.096,1.332,27.005,16.252,0.007,73462480.0,76405600.0,1393708.5,29562732.0,115903.562,58.344,14.679,36.685,39.767,0.119,45.786,87.873,0.0,0.0,2.489,1901224.375,151736464.0,0.063,15.549,77.415,2.395,97.511,377433920.0,11161369600.0,4905074176.0,12512590848.0,0.0,0.123,1.164,0.0,26.58,0.0,1912806.75,31.489,0.17,0.994,3832190.75,294.382,0.943,99.06,0.003,0.001,Quest-Pro,Phasmophobia,Jenga,False,False,0.2
12/9/2023 6:54:11 PM,142058272.0,490000000.0,4.726,109.504,17.383,0.167,0.482,24.311,0.452,0.02,99503344.0,245241328.0,35634276.0,10493318.0,1320106.5,71.404,12.961,41.793,45.249,0.041,47.901,81.091,0.001,0.0,0.944,1283522.125,98309752.0,0.0,8.175,74.178,2.416,99.056,826029504.0,26136047616.0,11255805952.0,29760481280.0,0.0,0.073,1.02,0.002,29.567,0.0,1360533.625,18.403,1.408,0.943,2776854.75,767.749,0.003,100.0,0.003,0.001,Quest-Pro,Phasmophobia,Jenga,False,False,0.2
12/9/2023 6:54:12 PM,146782960.0,490000000.0,4.757,69.692,3.3,0.172,0.528,24.306,0.424,0.002,96482672.0,243148960.0,35556208.0,10304467.0,124887.18,73.249,13.273,41.781,45.235,0.041,49.149,81.128,0.0,0.0,0.928,1283090.375,98319384.0,0.0,8.031,74.21,2.417,99.072,826113728.0,26138091520.0,11256953856.0,29762277376.0,0.0,0.073,1.02,0.001,29.566,0.0,1360029.75,18.37,1.373,0.943,2776649.0,768.036,0.002,100.0,0.002,0.0,Quest-Pro,Phasmophobia,Jenga,False,False,0.2
12/9/2023 6:54:13 PM,142046112.0,490000000.0,4.747,69.361,3.92,0.174,0.468,24.39,0.424,0.003,98013680.0,245317040.0,35427600.0,10998850.0,124295.125,73.288,13.293,41.81,45.267,0.042,49.185,81.114,0.0,0.0,0.954,1349063.875,102915888.0,0.0,8.153,73.879,2.408,99.046,837268800.0,26509109248.0,11416304640.0,30185609216.0,0.0,0.073,1.02,0.001,29.572,0.0,1421496.625,18.691,1.388,0.949,2914940.75,747.956,0.002,100.0,0.002,0.0,Quest-Pro,Phasmophobia,Jenga,False,False,0.2
12/9/2023 6:54:14 PM,150466176.0,490000000.0,4.709,99.532,18.823,0.165,0.463,24.191,0.446,0.003,98709456.0,253941072.0,35592376.0,10469189.0,178361.609,72.722,13.185,41.837,45.282,0.04,48.734,81.143,0.0,0.0,0.904,1296326.625,99625584.0,0.0,8.076,74.427,2.425,99.096,861745280.0,27260051456.0,11739319296.0,31041464320.0,0.0,0.073,1.019,0.001,29.586,0.0,1384004.5,18.078,1.384,0.937,2811813.0,783.746,0.003,99.972,0.002,0.045,Quest-Pro,Phasmophobia,Jenga,False,False,0.2
12/9/2023 6:54:15 PM,249439952.0,525000000.0,20.489,163.991,26.776,1.315,27.813,32.208,9.365,5.46,1359346688.0,575120960.0,1150278528.0,81395928.0,5910521.0,76.694,14.336,38.338,41.979,24.701,66.489,85.473,0.0,0.0,1.732,4455869.5,391491648.0,0.512,18.267,84.871,2.989,98.268,1291619200.0,48740810752.0,20308715520.0,49460097024.0,3702049280.0,0.343,1.799,0.595,32.294,2.654,4467319.0,17.783,0.57,0.997,8868465.0,356.981,0.208,99.826,0.002,0.0,Quest-Pro,Phasmophobia,Jenga,False,False,0.2
12/9/2023 6:54:16 PM,311301984.0,525000000.0,29.984,209.005,14.792,1.476,30.254,31.73,10.355,5.856,2935655936.0,1304163328.0,2602721280.0,121425352.0,4868989.0,77.229,13.721,39.252,42.816,27.109,72.706,87.475,0.0,0.0,2.331,9243760.0,663502080.0,0.466,13.136,68.519,3.259,97.669,1494382080.0,70800556032.0,24281143296.0,78013251584.0,7512783872.0,0.407,2.067,1.05,38.347,4.552,9202029.0,36.948,0.327,1.005,18237898.0,260.003,0.157,99.844,0.001,0.0,Quest-Pro,Phasmophobia,Jenga,False,False,0.2
12/9/2023 6:54:17 PM,326158912.0,525000000.0,31.014,189.022,8.223,1.475,31.31,31.751,10.3,6.538,3027096576.0,1349370368.0,2701439744.0,123271576.0,1461879.375,78.707,14.728,38.726,42.216,26.497,74.297,87.674,0.0,0.0,2.265,9086207.0,660413952.0,0.479,13.567,69.429,3.254,97.735,1553843968.0,72358100992.0,25140643840.0,79260442624.0,7587233792.0,0.403,2.048,1.051,37.799,4.428,9042951.0,34.956,0.365,1.005,17940016.0,266.911,0.152,99.884,0.001,0.0,Quest-Pro,Phasmophobia,Jenga,False,False,0.2
12/9/2023 6:54:18 PM,328922240.0,525000000.0,31.827,207.435,72.534,1.368,29.454,31.654,9.657,6.636,3231040256.0,1449931776.0,2875642112.0,125453680.0,11529765.0,76.299,14.189,38.84,42.33,26.449,71.868,87.908,0.0,0.0,2.248,9244757.0,667068864.0,0.469,13.57,68.894,3.262,97.752,1577778560.0,73047162880.0,25482979328.0,79919947776.0,7604212224.0,0.4,2.042,1.041,37.68,4.378,9225979.0,36.709,0.34,1.002,18246884.0,272.7,0.171,99.811,0.001,0.025,Quest-Pro,Phasmophobia,Jenga,False,False,0.2
12/9/2023 6:54:19 PM,341526688.0,525000000.0,30.564,268.581,145.93,1.356,29.076,31.637,9.594,6.184,3281961216.0,1495140480.0,2922996480.0,128351832.0,10588554.0,75.301,14.313,38.264,41.703,26.021,71.119,87.82,0.0,0.0,2.216,9449400.0,681697408.0,0.471,13.583,68.887,3.254,97.784,1621490688.0,74865778688.0,26180147200.0,81836736512.0,7767265280.0,0.399,2.041,1.035,37.594,4.352,9426034.0,36.063,0.317,1.002,18640476.0,271.991,0.168,99.834,0.002,0.0,Quest-Pro,Phasmophobia,Jenga,False,False,0.2
12/9/2023 6:54:20 PM,319427680.0,525000000.0,29.742,193.88,235.719,1.428,29.167,31.883,8.843,5.386,3116893952.0,1407862912.0,2763485440.0,132020936.0,8213686.0,75.795,12.64,39.149,42.702,26.614,71.385,88.249,0.0,0.0,2.288,9544083.0,689353088.0,0.449,13.833,69.006,3.222,97.712,1546056192.0,72951635968.0,25275127808.0,80436822016.0,7458097152.0,0.411,2.091,0.974,38.374,4.37,9486704.0,35.827,0.398,1.006,18838278.0,256.557,0.15,99.866,0.001,0.0,Quest-Pro,Phasmophobia,Jenga,False,False,0.2
12/9/2023 6:54:21 PM,306273024.0,525000000.0,31.055,189.074,191.354,1.433,28.868,31.693,9.549,5.584,3091351040.0,1378333568.0,2756716288.0,124298456.0,4832640.0,76.361,12.739,39.754,43.364,27.458,71.783,88.186,0.0,0.0,2.32,9247040.0,663892288.0,0.465,13.442,68.538,3.257,97.68,1494201728.0,70804209664.0,24279937024.0,78019321856.0,7514610176.0,0.407,2.067,1.051,38.35,4.553,9210946.0,37.041,0.358,1.004,18244750.0,260.088,0.157,99.844,0.001,0.0,Quest-Pro,Phasmophobia,Jenga,False,False,0.2
12/9/2023 6:54:22 PM,322115552.0,525000000.0,31.233,203.548,297.675,1.399,28.975,31.776,9.015,6.314,3208791808.0,1439246592.0,2862525184.0,132934224.0,5969574.0,77.058,14.006,39.51,43.099,27.17,72.351,88.135,0.0,0.0,2.3,9832278.0,705873152.0,0.456,13.52,68.541,3.25,97.7,1573951232.0,75365236736.0,25757175808.0,83429523456.0,7893301760.0,0.412,2.094,1.002,38.788,4.538,9800971.0,37.027,0.311,1.003,19400242.0,257.451,0.154,99.823,0.001,0.03,Quest-Pro,Phasmophobia,Jenga,False,False,0.2
12/9/2023 6:54:23 PM,309540512.0,525000000.0,33.529,203.5,354.58,1.372,29.748,31.752,9.585,6.94,3225231872.0,1467150080.0,2894100736.0,123753752.0,4847470.0,76.91,14.583,39.145,42.701,27.037,72.3,88.001,0.0,0.0,2.319,9220328.0,661831168.0,0.466,13.422,68.52,3.259,97.681,1490515712.0,70619717632.0,24218605568.0,77814415360.0,7493903872.0,0.408,2.067,1.05,38.347,4.552,9178695.0,36.948,0.328,1.005,18191762.0,259.992,0.157,99.844,0.001,0.0,Quest-Pro,Phasmophobia,Jenga,False,False,0.2
12/9/2023 6:54:24 PM,319071456.0,525000000.0,33.768,228.369,237.882,1.334,29.548,31.579,10.219,7.465,3277007360.0,1523159296.0,2940078336.0,122525792.0,6014003.5,76.404,15.155,38.705,42.174,26.429,71.997,87.893,0.0,0.0,2.274,9238284.0,663424384.0,0.467,13.263,68.554,3.259,97.726,1562454528.0,71667646464.0,25085145088.0,78088110080.0,7538445824.0,0.395,2.02,1.072,37.315,4.386,9201675.0,36.994,0.33,1.004,18225094.0,272.049,0.176,99.826,0.002,0.0,Quest-Pro,Phasmophobia,Jenga,False,False,0.2
12/9/2023 6:54:25 PM,320246848.0,525000000.0,33.623,218.81,285.622,1.399,29.83,31.844,9.54,6.968,3359504384.0,1547635456.0,3009007104.0,130777832.0,7129216.5,76.836,14.546,39.124,42.699,27.237,72.179,88.025,0.0,0.0,2.357,9835116.0,703243392.0,0.461,13.297,68.25,3.254,97.643,1534107904.0,73638633472.0,25013227520.0,81454055424.0,7898376704.0,0.413,2.081,1.053,38.721,4.652,9774904.0,37.205,0.306,1.006,19411480.0,252.35,0.152,99.864,0.001,0.0,Quest-Pro,Phasmophobia,Jenga,False,False,0.2
12/9/2023 6:54:26 PM,327165952.0,525000000.0,33.544,238.398,285.386,1.328,30.062,31.937,9.039,7.624,3191383040.0,1466516864.0,2858221568.0,123632128.0,6034340.0,75.885,15.561,38.488,42.029,26.934,71.364,87.905,0.0,0.0,2.33,9230974.0,662727744.0,0.465,13.393,68.537,3.257,97.67,1422551040.0,69849636864.0,23408662528.0,77879500800.0,7501223936.0,0.422,2.119,1.025,39.501,4.752,9195244.0,37.045,0.318,1.004,18212872.0,248.048,0.161,99.841,0.002,0.0,Quest-Pro,Phasmophobia,Jenga,False,False,0.2
12/9/2023 6:54:27 PM,339183008.0,525000000.0,35.236,272.483,143.951,1.377,29.92,31.748,9.548,8.073,3626077184.0,1700388480.0,3251083264.0,132261640.0,15030460.0,75.796,15.801,38.235,41.753,26.507,71.349,88.054,0.0,0.0,2.304,9868862.0,708453504.0,0.468,13.402,68.524,3.263,97.696,1583155968.0,75560738816.0,25787983872.0,83464790016.0,8040356352.0,0.409,2.076,1.052,38.576,4.594,9820707.0,36.872,0.356,1.005,19464508.0,257.75,0.168,99.87,0.002,0.0,Quest-Pro,Phasmophobia,Jenga,False,False,0.2
12/9/2023 6:54:28 PM,322084224.0,525000000.0,36.335,258.076,170.873,1.31,29.933,31.636,9.889,8.432,3464247808.0,1665541760.0,3123239936.0,123376712.0,9427332.0,76.362,16.125,38.14,41.576,26.139,71.891,88.16,0.0,0.0,2.258,9219958.0,661719360.0,0.466,13.381,68.512,3.259,97.742,1531790464.0,71113539584.0,24713353216.0,77812334592.0,7494017024.0,0.4,2.038,1.066,37.703,4.441,9178268.0,36.958,0.312,1.005,18189660.0,267.249,0.156,99.846,0.002,0.0,Quest-Pro,Phasmophobia,Jenga,False,False,0.2
12/9/2023 6:54:29 PM,331623872.0,525000000.0,33.473,243.357,133.614,1.428,30.059,31.734,9.744,7.568,3151706624.0,1444798848.0,2820583936.0,122889152.0,3800266.25,77.36,15.435,38.732,42.247,26.749,72.794,88.125,0.0,0.0,2.306,9224639.0,662085376.0,0.466,13.322,68.515,3.259,97.694,1491423360.0,70664093696.0,24233674752.0,77863436288.0,7498698752.0,0.407,2.067,1.054,38.349,4.553,9183060.0,36.974,0.333,1.005,18199594.0,260.126,0.158,99.844,0.002,0.0,Quest-Pro,Phasmophobia,Jenga,False,False,0.2
12/9/2023 6:54:30 PM,335778816.0,525000000.0,34.668,204.095,44.402,1.455,29.917,31.707,10.032,7.076,3430832640.0,1593847680.0,3081504768.0,126903560.0,5995800.0,77.368,14.749,39.248,42.84,27.705,72.633,88.195,0.0,0.0,2.355,9757123.0,696279360.0,0.477,13.006,68.084,3.277,97.645,1523546496.0,73842868224.0,24782895104.0,81817042944.0,8151454208.0,0.412,2.072,1.11,38.917,4.829,9712859.0,37.58,0.303,1.005,19240012.0,253.6,0.154,99.834,0.001,0.017,Quest-Pro,Phasmophobia,Jenga,False,False,0.2
12/9/2023 6:54:31 PM,337428896.0,525000000.0,35.234,193.967,20.258,1.454,30.255,31.768,9.249,7.576,3474684928.0,1652765824.0,3128624384.0,130193576.0,3716533.25,78.403,15.401,38.603,42.106,26.467,73.884,88.29,0.0,0.0,2.248,9492930.0,687197120.0,0.468,13.715,69.136,3.254,97.752,1576589824.0,74436419584.0,25674465280.0,82003009536.0,7760449536.0,0.408,2.077,1.017,38.312,4.459,9446686.0,35.964,0.335,1.005,18723776.0,263.184,0.148,99.855,0.001,0.0,Quest-Pro,Phasmophobia,Jenga,False,False,0.2
12/9/2023 6:54:32 PM,324732512.0,525000000.0,34.323,172.389,2.063,1.469,30.642,31.725,9.622,7.065,3204716544.0,1499545856.0,2880812800.0,122147480.0,308920.5,78.721,15.276,38.82,42.345,26.816,74.104,88.085,0.0,0.0,2.307,9153976.0,657255360.0,0.465,13.344,68.543,3.257,97.693,1479102336.0,70104850432.0,24037359616.0,77251002368.0,7441990144.0,0.407,2.067,1.051,38.353,4.555,9118218.0,37.033,0.325,1.004,18061378.0,260.077,0.157,99.844,0.001,0.0,Quest-Pro,Phasmophobia,Jenga,False,False,0.2
12/9/2023 6:54:33 PM,342737312.0,525000000.0,31.471,208.844,11.664,1.518,29.888,31.876,8.969,5.739,3412168448.0,1557831424.0,3043693568.0,137414432.0,2619745.5,78.313,14.371,38.962,42.525,27.124,73.604,88.143,0.0,0.0,2.301,10341970.0,740804416.0,0.462,13.287,68.365,3.266,97.699,1605021952.0,78354505728.0,26402373632.0,87223336960.0,8340464640.0,0.419,2.114,1.009,39.378,4.691,10287829.0,37.653,0.341,1.005,20399116.0,252.481,0.163,99.836,0.001,0.002,Quest-Pro,Phasmophobia,Jenga,False,False,0.2
12/9/2023 6:54:34 PM,333771232.0,525000000.0,31.973,252.332,16.975,1.442,29.488,31.823,10.439,6.818,3136512000.0,1448030336.0,2793845760.0,124994792.0,8272210.0,76.351,15.154,38.948,42.478,26.757,71.771,87.845,0.0,0.0,2.309,9378324.0,675248128.0,0.464,13.328,68.754,3.247,97.691,1529109376.0,71958020096.0,24834007040.0,79114993664.0,7566517760.0,0.407,2.064,1.045,38.135,4.481,9323959.0,36.269,0.36,1.006,18514854.0,259.834,0.153,99.863,0.002,0.0,Quest-Pro,Phasmophobia,Jenga,False,False,0.2
12/9/2023 6:54:35 PM,318779616.0,525000000.0,31.543,239.011,99.899,1.478,29.095,31.773,10.356,6.153,3051182336.0,1387130496.0,2720579072.0,121671944.0,3801232.5,77.106,14.506,39.547,43.139,27.314,72.428,87.901,0.0,0.0,2.322,9250884.0,663982016.0,0.466,13.152,68.516,3.259,97.678,1495316352.0,70847258624.0,24296617984.0,78065156096.0,7518064128.0,0.408,2.067,1.054,38.347,4.552,9209187.0,36.943,0.33,1.005,18251514.0,259.926,0.158,99.844,0.002,0.0,Quest-Pro,Phasmophobia,Jenga,False,False,0.2
12/9/2023 6:54:36 PM,336082368.0,525000000.0,32.119,268.771,192.776,1.357,29.324,31.725,9.36,6.788,3289822208.0,1505100544.0,2936391936.0,129728952.0,8348401.0,76.373,14.306,39.166,42.746,27.221,71.781,88.35,0.0,0.0,2.266,9574755.0,693815808.0,0.481,13.549,69.194,3.269,97.734,1564145536.0,75323301888.0,25560305664.0,83443900416.0,8041048064.0,0.412,2.09,1.038,38.869,4.645,9525003.0,35.716,0.36,1.005,18874298.0,257.87,0.149,99.857,0.002,0.0,Quest-Pro,Phasmophobia,Jenga,False,False,0.2
12/9/2023 6:54:37 PM,322438464.0,525000000.0,32.541,248.747,91.428,1.387,28.995,31.801,10.12,6.723,3145706496.0,1463601920.0,2807340032.0,121578336.0,8308868.5,75.928,14.609,39.289,42.856,27.135,71.396,87.848,0.0,0.0,2.31,9247083.0,663864000.0,0.465,13.148,68.535,3.257,97.69,1493988736.0,70788710400.0,24275683328.0,78001364992.0,7512347136.0,0.408,2.067,1.051,38.349,4.553,9211074.0,37.036,0.334,1.004,18243796.0,260.059,0.158,99.844,0.002,0.0,Quest-Pro,Phasmophobia,Jenga,False,False,0.2
12/9/2023 6:54:38 PM,331303680.0,525000000.0,33.08,213.921,5.293,1.504,29.573,31.798,9.968,6.094,3360999424.0,1540387456.0,3006938368.0,129477824.0,2629935.25,78.317,14.386,39.903,43.566,28.086,73.399,87.754,0.0,0.0,2.384,10132773.0,720238784.0,0.467,12.778,67.802,3.279,97.616,1548512512.0,75704492032.0,25334267904.0,84178780160.0,8280832000.0,0.417,2.094,1.078,39.244,4.82,10097740.0,38.368,0.338,1.003,19989578.0,250.968,0.171,99.838,0.001,0.0,Quest-Pro,Phasmophobia,Jenga,False,False,0.2
12/9/2023 6:54:39 PM,328554144.0,525000000.0,32.862,198.96,20.648,1.47,29.287,31.693,9.75,6.676,3207112448.0,1445140224.0,2869076480.0,126805144.0,4848887.0,77.609,14.381,39.324,42.875,26.944,72.983,88.123,0.0,0.0,2.303,9404656.0,675977408.0,0.462,13.483,68.631,3.246,97.697,1547512448.0,71984128000.0,25008224256.0,78824480768.0,7563665408.0,0.401,2.044,1.055,37.764,4.434,9349077.0,36.351,0.371,1.006,18564812.0,262.574,0.153,99.871,0.001,0.0,Quest-Pro,Phasmophobia,Jenga,False,False,0.2
12/9/2023 6:54:40 PM,338715328.0,525000000.0,35.97,184.208,23.225,1.481,30.71,31.725,10.034,7.36,3600743680.0,1653380096.0,3238498816.0,129532928.0,8198984.5,77.696,15.332,38.935,42.497,27.42,72.89,87.691,0.0,0.0,2.404,10075306.0,712869248.0,0.463,12.856,67.48,3.274,97.596,1530934272.0,74146856960.0,24901502976.0,82169331712.0,8160687104.0,0.412,2.072,1.103,38.924,4.814,10034641.0,38.637,0.315,1.004,19868974.0,250.841,0.175,99.806,0.001,0.025,Quest-Pro,Phasmophobia,Jenga,False,False,0.2
12/9/2023 6:54:41 PM,324148320.0,525000000.0,34.887,174.095,19.258,1.464,30.465,31.703,9.608,7.008,3343325440.0,1579089920.0,3007911424.0,123709800.0,4804462.0,77.858,14.874,38.733,42.251,26.75,73.286,88.15,0.0,0.0,2.313,9244468.0,663703616.0,0.465,13.382,68.538,3.257,97.687,1493372672.0,70771843072.0,24269469696.0,77982212096.0,7511266816.0,0.407,2.067,1.048,38.349,4.553,9208277.0,37.036,0.336,1.004,18239682.0,259.837,0.157,99.844,0.001,0.0,Quest-Pro,Phasmophobia,Jenga,False,False,0.2
12/9/2023 6:54:42 PM,342890752.0,525000000.0,34.408,219.008,29.555,1.437,30.102,31.816,9.113,7.143,3553536768.0,1676642432.0,3184116736.0,132241312.0,12755024.0,76.796,14.889,38.696,42.206,26.468,72.426,88.116,0.0,0.0,2.244,9540704.0,692796160.0,0.47,13.861,69.358,3.257,97.756,1593535232.0,75584069632.0,26024982528.0,83442466816.0,7837855744.0,0.411,2.087,1.0,38.516,4.456,9498535.0,35.832,0.305,1.004,18822928.0,264.087,0.146,99.853,0.001,0.004,Quest-Pro,Phasmophobia,Jenga,False,False,0.2
12/9/2023 6:54:43 PM,324810912.0,525000000.0,34.205,198.585,34.02,1.474,29.69,31.673,10.24,6.681,3324186880.0,1561132672.0,2983826176.0,122953528.0,8202663.0,77.124,14.555,39.129,42.654,26.817,72.646,87.804,0.0,0.0,2.312,9220132.0,661772096.0,0.465,13.335,68.516,3.259,97.688,1532257920.0,71143424000.0,24722501632.0,77846102016.0,7497873920.0,0.4,2.038,1.065,37.705,4.442,9178360.0,36.976,0.338,1.005,18191030.0,267.386,0.155,99.846,0.001,0.0,Quest-Pro,Phasmophobia,Jenga,False,False,0.2
12/9/2023 6:54:44 PM,320257472.0,525000000.0,32.296,184.182,15.994,1.511,30.406,31.784,10.144,5.966,3241252352.0,1478916992.0,2895842304.0,126814704.0,3701949.5,78.461,14.325,39.499,43.102,27.47,73.721,87.264,0.0,0.0,2.344,9705899.0,693922880.0,0.467,13.066,68.225,3.27,97.656,1539973504.0,73931800576.0,25105459200.0,81799585792.0,7926547968.0,0.412,2.08,1.052,38.741,4.652,9668595.0,37.655,0.337,1.004,19153028.0,257.774,0.173,99.825,0.001,0.004,Quest-Pro,Phasmophobia,Jenga,False,False,0.2
12/9/2023 6:54:45 PM,324929696.0,525000000.0,32.421,182.06,9.657,1.518,29.928,31.808,9.826,6.435,3146235648.0,1435289856.0,2810618880.0,126667360.0,2548293.0,78.702,14.626,39.286,42.838,26.886,74.081,88.078,0.0,0.0,2.286,9345972.0,674036160.0,0.465,13.553,68.871,3.249,97.714,1551508992.0,72336293888.0,25120348160.0,79301804032.0,7565044224.0,0.405,2.053,1.044,37.865,4.422,9290517.0,36.203,0.313,1.006,18449016.0,264.337,0.151,99.867,0.001,0.0,Quest-Pro,Phasmophobia,Jenga,False,False,0.2
12/9/2023 6:54:46 PM,317971232.0,525000000.0,31.472,194.094,17.368,1.489,29.067,31.793,9.67,5.763,3064185344.0,1363771904.0,2731134720.0,123850952.0,3718959.0,77.714,14.042,39.809,43.426,27.499,72.967,87.786,0.0,0.0,2.32,9243330.0,663477760.0,0.466,13.399,68.52,3.259,97.68,1494576256.0,70824558592.0,24286240768.0,78042324992.0,7517156352.0,0.408,2.067,1.056,38.35,4.554,9201545.0,36.963,0.336,1.005,18237194.0,260.094,0.157,99.844,0.001,0.0,Quest-Pro,Phasmophobia,Jenga,False,False,0.2
12/9/2023 6:54:47 PM,328102432.0,525000000.0,30.896,214.016,51.766,1.408,28.749,31.523,10.346,5.779,3203410944.0,1459051904.0,2852344576.0,123997608.0,9373840.0,75.999,13.557,38.959,42.469,26.869,71.535,88.277,0.0,0.0,2.266,9453584.0,676244544.0,0.474,13.116,68.272,3.261,97.734,1578095744.0,73138733056.0,25359529984.0,79899869184.0,7829270528.0,0.397,2.023,1.102,37.573,4.504,9429076.0,37.228,0.363,1.003,18636880.0,269.511,0.152,99.849,0.001,0.0,Quest-Pro,Phasmophobia,Jenga,False,False,0.2
12/9/2023 6:54:48 PM,300323424.0,525000000.0,30.236,223.65,38.035,1.456,27.88,31.738,9.641,5.389,3025752320.0,1361991680.0,2680062720.0,123176256.0,11622652.0,75.823,13.204,39.74,43.349,27.449,71.228,88.327,0.0,0.0,2.29,9229367.0,662419520.0,0.465,13.346,68.514,3.259,97.71,1492510336.0,70724657152.0,24252592128.0,77931716608.0,7506206720.0,0.408,2.067,1.055,38.35,4.553,9187718.0,36.999,0.366,1.005,18209190.0,260.209,0.157,99.844,0.002,0.0,Quest-Pro,Phasmophobia,Jenga,False,False,0.2
12/9/2023 6:54:49 PM,327570176.0,525000000.0,30.212,273.742,44.929,1.445,27.863,31.786,9.413,5.854,3239536128.0,1444927616.0,2855480320.0,130952336.0,21842644.0,74.345,13.355,39.692,43.314,27.553,69.877,87.993,0.0,0.0,2.307,9776862.0,702640512.0,0.471,13.394,68.593,3.275,97.693,1572753664.0,75481169920.0,25666244608.0,83532849152.0,8048498176.0,0.412,2.085,1.044,38.755,4.626,9730286.0,37.43,0.323,1.005,19288086.0,260.627,0.17,99.832,0.002,0.0,Quest-Pro,Phasmophobia,Jenga,False,False,0.2
12/9/2023 6:54:50 PM,322931104.0,525000000.0,32.093,246.789,37.369,1.406,28.609,31.827,9.515,6.206,3256835328.0,1492267136.0,2896659456.0,127130552.0,17159144.0,74.902,13.619,39.267,42.836,27.035,70.472,88.102,0.0,0.0,2.309,9352485.0,673290880.0,0.464,13.593,68.744,3.247,97.691,1518357120.0,71654432768.0,24672086016.0,78868209664.0,7548241408.0,0.408,2.068,1.041,38.234,4.502,9298300.0,36.296,0.353,1.006,18464154.0,258.829,0.154,99.864,0.002,0.0,Quest-Pro,Phasmophobia,Jenga,False,False,0.2
12/9/2023 6:54:51 PM,321882848.0,525000000.0,32.537,248.655,37.431,1.421,28.493,31.712,9.727,6.251,3302471680.0,1525042816.0,2938645248.0,124184112.0,18416884.0,74.438,13.283,39.388,42.97,27.388,70.071,88.205,0.0,0.0,2.289,9289345.0,667577024.0,0.473,13.368,68.6,3.265,97.711,1502520832.0,71682801664.0,24417064960.0,79123390464.0,7704039424.0,0.409,2.068,1.077,38.527,4.639,9267662.0,36.81,0.331,1.002,18323282.0,258.979,0.157,99.832,0.002,0.017,Quest-Pro,Phasmophobia,Jenga,False,False,0.2
12/9/2023 6:54:52 PM,326903136.0,525000000.0,30.68,233.523,44.772,1.452,28.206,31.912,8.915,5.552,3247217664.0,1463348608.0,2871981056.0,133753440.0,17246446.0,75.22,12.928,39.91,43.556,27.468,70.753,87.988,0.0,0.0,2.301,9645368.0,698940608.0,0.465,13.867,69.224,3.24,97.699,1556341888.0,74655219712.0,25498294272.0,82731212800.0,7791318528.0,0.416,2.101,0.999,38.883,4.531,9585984.0,35.438,0.358,1.006,19033444.0,254.031,0.149,99.859,0.002,0.0,Quest-Pro,Phasmophobia,Jenga,False,False,0.2
12/9/2023 6:54:53 PM,325992832.0,525000000.0,32.738,149.188,36.64,1.477,29.272,31.686,9.877,6.179,3284781312.0,1448541696.0,2927758592.0,127824240.0,8127302.5,77.341,13.162,40.077,43.746,28.292,72.454,88.081,0.0,0.0,2.368,9877092.0,701472960.0,0.472,12.941,67.75,3.27,97.632,1522062208.0,73760464896.0,24757170176.0,81724661760.0,8140961792.0,0.411,2.072,1.108,38.914,4.828,9844191.0,38.087,0.312,1.003,19471492.0,252.387,0.154,99.847,0.001,0.0,Quest-Pro,Phasmophobia,Jenga,False,False,0.2
12/9/2023 6:54:54 PM,316327200.0,525000000.0,32.786,148.571,58.214,1.483,29.422,31.773,9.49,6.547,3176206592.0,1418896512.0,2831822336.0,127292656.0,8093665.0,77.58,13.608,39.618,43.216,27.267,72.908,88.081,0.0,0.0,2.318,9369156.0,673844096.0,0.463,13.586,68.675,3.247,97.682,1516473984.0,71485358080.0,24622432256.0,78650056704.0,7537901568.0,0.407,2.064,1.044,38.2,4.503,9313649.0,36.323,0.341,1.006,18494824.0,258.256,0.154,99.871,0.001,0.0,Quest-Pro,Phasmophobia,Jenga,False,False,0.2
12/9/2023 6:54:55 PM,314869568.0,525000000.0,32.291,134.335,37.9,1.509,29.135,31.757,9.513,5.685,3141447424.0,1399472512.0,2804675584.0,124506320.0,5857742.5,78.187,13.41,39.919,43.544,27.573,73.437,88.074,0.0,0.0,2.325,9241195.0,663392128.0,0.466,13.473,68.527,3.26,97.675,1494142464.0,70803169280.0,24279166976.0,78018510848.0,7514741760.0,0.408,2.067,1.05,38.351,4.554,9199312.0,36.942,0.319,1.005,18233978.0,260.007,0.157,99.844,0.001,0.0,Quest-Pro,Phasmophobia,Jenga,False,False,0.2
12/9/2023 6:54:56 PM,325329792.0,525000000.0,33.033,144.266,2.019,1.548,30.604,31.644,9.888,6.552,3241706240.0,1440259840.0,2896610816.0,129639888.0,258523.953,79.132,14.355,39.506,43.127,27.892,74.2,88.125,0.0,0.0,2.428,10073977.0,713018304.0,0.463,12.869,67.506,3.272,97.572,1522568832.0,73791283200.0,24766646272.0,81759543296.0,8144867840.0,0.411,2.072,1.106,38.914,4.828,10027096.0,38.734,0.309,1.005,19867274.0,250.082,0.153,99.848,0.001,0.0,Quest-Pro,Phasmophobia,Jenga,False,False,0.2
12/9/2023 6:54:57 PM,330096032.0,525000000.0,33.833,154.285,6.508,1.479,31.019,31.765,9.546,7.799,3243029504.0,1458194048.0,2904559616.0,129482440.0,1400233.75,79.399,15.688,38.447,41.923,26.315,74.824,88.164,0.0,0.0,2.277,9452324.0,681695360.0,0.465,13.698,68.87,3.249,97.723,1569182080.0,73150881792.0,25403965440.0,80193110016.0,7650362880.0,0.404,2.053,1.043,37.862,4.422,9396244.0,36.2,0.366,1.006,18659634.0,264.36,0.15,99.865,0.001,0.0,Quest-Pro,Phasmophobia,Jenga,False,False,0.2
12/9/2023 6:54:58 PM,336319008.0,525000000.0,32.16,218.962,30.369,1.454,29.639,31.796,9.44,6.348,3274885632.0,1454937344.0,2912880896.0,128348416.0,10505085.0,76.81,14.068,39.255,42.836,27.257,72.191,87.836,0.0,0.0,2.355,9696239.0,692832128.0,0.467,13.237,68.184,3.269,97.645,1533889920.0,73508356096.0,24994082816.0,81289715712.0,7869416448.0,0.411,2.078,1.053,38.691,4.639,9650038.0,37.705,0.338,1.005,19130162.0,257.454,0.174,99.821,0.001,0.008,Quest-Pro,Phasmophobia,Jenga,False,False,0.2
12/9/2023 6:54:59 PM,327596864.0,525000000.0,30.756,208.594,17.638,1.409,29.396,31.782,9.235,6.222,3182684160.0,1457594752.0,2833288448.0,129306752.0,5980796.5,76.959,14.573,38.39,41.867,26.309,72.537,88.476,0.0,0.0,2.226,9472872.0,685378816.0,0.467,13.65,69.099,3.253,97.774,1565975424.0,74131177472.0,25528506368.0,81745747968.0,7729794048.0,0.409,2.079,1.018,38.414,4.472,9427329.0,36.004,0.339,1.005,18684288.0,262.114,0.149,99.838,0.001,0.019,Quest-Pro,Phasmophobia,Jenga,False,False,0.2
12/9/2023 6:55:00 PM,316029504.0,525000000.0,31.541,209.146,55.259,1.446,28.883,31.704,9.591,6.25,3139174400.0,1438156544.0,2785978624.0,123935464.0,14997951.0,75.414,13.713,39.058,42.604,26.976,70.956,88.229,0.0,0.0,2.296,9247564.0,663696384.0,0.465,13.402,68.511,3.258,97.704,1495422336.0,70856695808.0,24298858496.0,78076395520.0,7519641600.0,0.407,2.067,1.053,38.349,4.553,9205805.0,36.985,0.325,1.005,18245338.0,260.257,0.157,99.844,0.001,0.0,Quest-Pro,Phasmophobia,Jenga,False,False,0.2
12/9/2023 6:55:01 PM,328540320.0,525000000.0,32.376,214.085,21.984,1.43,29.257,31.717,9.742,6.614,3335491072.0,1505997568.0,2961782272.0,130433504.0,13873498.0,76.235,14.236,39.014,42.56,27.084,71.625,88.063,0.0,0.0,2.353,10051734.0,712165760.0,0.456,12.976,67.584,3.266,97.647,1566661248.0,74383835136.0,25408550912.0,81970585600.0,7989989376.0,0.407,2.059,1.073,38.362,4.617,10002415.0,38.772,0.328,1.005,19831570.0,258.05,0.172,99.826,0.001,0.001,Quest-Pro,Phasmophobia,Jenga,False,False,0.2
12/9/2023 6:55:02 PM,318917120.0,525000000.0,31.803,217.436,56.555,1.445,28.552,31.815,9.502,6.249,3206543360.0,1453041536.0,2850804224.0,126945976.0,14895082.0,75.456,13.49,39.264,42.828,27.033,70.945,88.227,0.0,0.0,2.296,9362787.0,674063488.0,0.464,13.559,68.747,3.247,97.704,1520179712.0,71743094784.0,24701585408.0,78966120448.0,7558451712.0,0.408,2.068,1.042,38.236,4.503,9308438.0,36.295,0.312,1.006,18484814.0,258.922,0.154,99.862,0.001,0.0,Quest-Pro,Phasmophobia,Jenga,False,False,0.2
12/9/2023 6:55:03 PM,325410400.0,525000000.0,31.968,219.045,46.491,1.436,28.797,31.737,9.464,6.539,3259653888.0,1475164544.0,2894923008.0,126446464.0,16129358.0,75.569,13.728,39.281,42.829,26.9,71.189,87.968,0.0,0.0,2.263,9320195.0,672730624.0,0.469,13.567,68.917,3.263,97.737,1563143936.0,73352601600.0,25369030656.0,80622960640.0,7672092160.0,0.405,2.062,1.033,38.095,4.45,9301078.0,36.704,0.367,1.002,18395488.0,267.928,0.172,99.806,0.001,0.03,Quest-Pro,Phasmophobia,Jenga,False,False,0.2
12/9/2023 6:55:04 PM,311768704.0,525000000.0,31.542,213.381,54.672,1.456,28.485,31.701,9.603,6.298,3115977728.0,1411965824.0,2760496128.0,123690552.0,17189292.0,75.037,13.365,39.517,43.103,27.262,70.556,88.046,0.0,0.0,2.312,9215487.0,661394304.0,0.465,13.422,68.511,3.259,97.688,1495249536.0,70687006720.0,24287350784.0,77810466816.0,7494428672.0,0.406,2.064,1.053,38.247,4.536,9173862.0,36.992,0.329,1.005,18181912.0,261.15,0.157,99.857,0.001,0.0,Quest-Pro,Phasmophobia,Jenga,False,False,0.2
12/9/2023 6:55:05 PM,312419488.0,525000000.0,33.772,149.195,40.631,1.508,30.042,31.75,9.94,6.743,3420120576.0,1552042752.0,3054396672.0,130613632.0,9256931.0,77.975,14.484,39.353,42.946,27.626,73.126,87.79,0.0,0.0,2.374,10105075.0,717058816.0,0.465,12.926,67.686,3.274,97.626,1562004608.0,75285684224.0,25392801792.0,83321446400.0,8232155136.0,0.411,2.07,1.097,38.79,4.762,10074132.0,38.561,0.312,1.003,19932776.0,254.624,0.171,99.815,0.001,0.019,Quest-Pro,Phasmophobia,Jenga,False,False,0.2
12/9/2023 6:55:06 PM,316306464.0,525000000.0,31.901,149.265,48.081,1.503,29.308,31.876,9.078,6.29,3228416000.0,1444545408.0,2872128256.0,133655344.0,8131472.5,77.706,13.494,39.746,43.367,27.286,73.085,88.183,0.0,0.0,2.291,9649437.0,698867136.0,0.464,13.851,69.186,3.24,97.709,1571221888.0,74744250368.0,25679132672.0,82555420672.0,7787409920.0,0.412,2.09,1.008,38.554,4.484,9588785.0,35.455,0.347,1.006,19040416.0,256.48,0.148,99.881,0.001,0.0,Quest-Pro,Phasmophobia,Jenga,False,False,0.2
12/9/2023 6:55:07 PM,313438592.0,525000000.0,32.716,144.257,47.901,1.503,29.671,31.666,9.932,6.42,3261046784.0,1441466240.0,2901866240.0,129489344.0,8120721.5,77.519,13.245,39.891,43.54,28.146,72.634,88.093,0.0,0.0,2.423,10073779.0,713006592.0,0.463,12.854,67.506,3.272,97.577,1527245440.0,73823174656.0,24805443584.0,81748680704.0,8143389696.0,0.41,2.068,1.109,38.868,4.819,10026901.0,38.729,0.295,1.005,19866894.0,250.82,0.153,99.828,0.001,0.024,Quest-Pro,Phasmophobia,Jenga,False,False,0.2
12/9/2023 6:55:08 PM,307213760.0,525000000.0,34.912,149.02,51.574,1.47,30.024,31.719,9.662,7.305,3314395136.0,1528739584.0,2972155904.0,125856016.0,8118143.0,77.67,14.339,39.134,42.68,26.96,73.061,88.162,0.0,0.0,2.327,9350769.0,670035456.0,0.459,13.459,68.413,3.242,97.673,1505499264.0,70849175552.0,24404621312.0,77886054400.0,7501529088.0,0.405,2.057,1.056,38.13,4.515,9306490.0,36.467,0.327,1.005,18445808.0,257.206,0.156,99.855,0.001,0.0,Quest-Pro,Phasmophobia,Jenga,False,False,0.2
12/9/2023 6:55:09 PM,317641600.0,525000000.0,34.388,144.229,41.286,1.482,30.576,31.645,9.993,7.274,3373659392.0,1548052352.0,3015114496.0,129202512.0,8119181.5,77.695,13.997,39.178,42.77,27.659,72.865,88.277,0.0,0.0,2.391,10068746.0,712612864.0,0.463,12.832,67.503,3.272,97.609,1522187392.0,73762947072.0,24758818816.0,81726742528.0,8140758528.0,0.411,2.072,1.109,38.912,4.827,10021876.0,38.767,0.286,1.005,19856880.0,250.304,0.153,99.847,0.001,0.0,Quest-Pro,Phasmophobia,Jenga,False,False,0.2
12/9/2023 6:55:10 PM,321526304.0,525000000.0,33.359,143.954,43.579,1.473,30.248,31.857,9.037,6.746,3390673408.0,1567688704.0,3033349632.0,133917152.0,8103656.5,78.123,14.235,39.081,42.639,26.817,73.606,88.165,0.0,0.0,2.273,9659210.0,701265856.0,0.466,13.864,69.358,3.242,97.727,1581364864.0,75425202176.0,25879302144.0,83422388224.0,7834702336.0,0.413,2.096,0.995,38.693,4.485,9600496.0,35.34,0.345,1.006,19065120.0,257.324,0.146,99.86,0.001,0.0,Quest-Pro,Phasmophobia,Jenga,False,False,0.2
12/9/2023 6:55:11 PM,307733792.0,525000000.0,33.639,139.254,31.79,1.463,29.959,31.75,9.913,6.631,3262819584.0,1487550592.0,2920040704.0,123945016.0,8116542.5,77.588,13.629,39.553,43.151,27.542,72.927,88.12,0.0,0.0,2.313,9299201.0,668699008.0,0.475,13.329,68.641,3.268,97.687,1504508160.0,71880237056.0,24450142208.0,79369936896.0,7745127424.0,0.41,2.068,1.077,38.564,4.657,9276721.0,36.751,0.334,1.002,18344392.0,258.81,0.156,99.833,0.001,0.017,Quest-Pro,Phasmophobia,Jenga,False,False,0.2
12/9/2023 6:55:12 PM,325208704.0,525000000.0,31.539,179.155,63.492,1.461,29.251,31.877,8.896,6.3,3250160384.0,1462760576.0,2886614272.0,133303480.0,11557652.0,77.32,13.711,39.681,43.299,27.247,72.789,88.118,0.0,0.0,2.249,9559128.0,695260864.0,0.471,13.945,69.474,3.259,97.751,1588332288.0,75971362816.0,26034171904.0,84108935168.0,7882721792.0,0.414,2.103,0.99,38.763,4.488,9516728.0,35.744,0.347,1.004,18867856.0,262.233,0.145,99.872,0.001,0.0,Quest-Pro,Phasmophobia,Jenga,False,False,0.2
12/9/2023 6:55:13 PM,323347456.0,525000000.0,32.673,149.162,52.582,1.478,29.768,31.682,9.9,6.843,3219521792.0,1426146048.0,2864266752.0,127210288.0,9254874.0,77.288,14.002,39.546,43.16,27.836,72.516,87.995,0.0,0.0,2.369,9712901.0,693277824.0,0.473,13.097,68.101,3.276,97.631,1518555648.0,73363521536.0,24689694720.0,81228603392.0,8059526144.0,0.411,2.071,1.107,38.845,4.794,9685286.0,37.624,0.355,1.003,19155968.0,253.643,0.154,99.834,0.001,0.019,Quest-Pro,Phasmophobia,Jenga,False,False,0.2
12/9/2023 6:55:14 PM,321788960.0,525000000.0,32.176,154.288,29.301,1.482,29.36,31.803,9.355,6.096,3267536384.0,1490132480.0,2909937152.0,130903384.0,8142899.5,77.842,13.839,39.508,43.081,27.006,73.235,87.853,0.0,0.0,2.303,9643952.0,695503872.0,0.459,13.574,68.861,3.257,97.697,1577789952.0,74403864576.0,25682102272.0,81955323904.0,7744097280.0,0.408,2.073,1.017,38.298,4.449,9594331.0,36.681,0.35,1.005,19035290.0,261.826,0.169,99.808,0.001,0.03,Quest-Pro,Phasmophobia,Jenga,False,False,0.2
12/9/2023 6:55:15 PM,309214784.0,525000000.0,34.03,137.672,46.365,1.475,30.19,31.758,9.609,6.943,3199322368.0,1475390592.0,2862893824.0,122695344.0,8018028.5,77.912,14.384,39.146,42.699,27.036,73.334,88.052,0.0,0.0,2.305,9133104.0,655602944.0,0.466,13.434,68.524,3.259,97.695,1476603648.0,69962268672.0,23992264704.0,77090709504.0,7424645120.0,0.408,2.067,1.053,38.35,4.553,9091734.0,36.94,0.348,1.005,18020670.0,259.977,0.157,99.844,0.001,0.0,Quest-Pro,Phasmophobia,Jenga,False,False,0.2
12/9/2023 6:55:16 PM,329861024.0,525000000.0,33.632,204.309,42.336,1.448,29.364,31.758,9.385,7.02,3468388864.0,1595903104.0,3092778752.0,132863368.0,14999484.0,76.423,14.565,39.02,42.572,26.946,71.859,88.036,0.0,0.0,2.311,9900867.0,710431360.0,0.464,13.419,68.496,3.259,97.689,1580634240.0,75395727360.0,25770346496.0,83297378304.0,7976690688.0,0.41,2.08,1.036,38.589,4.566,9841219.0,37.03,0.323,1.006,19530352.0,257.494,0.169,99.833,0.001,0.0,Quest-Pro,Phasmophobia,Jenga,False,False,0.2
12/9/2023 6:55:17 PM,317005088.0,525000000.0,34.018,187.619,58.313,1.416,29.496,31.747,9.53,7.114,3304273408.0,1530051456.0,2954555136.0,126516664.0,12599149.0,76.367,14.188,39.035,42.578,26.889,71.915,88.283,0.0,0.0,2.303,9334341.0,670981824.0,0.462,13.554,68.638,3.246,97.697,1509085952.0,71147421696.0,24500899840.0,78270840832.0,7511100416.0,0.406,2.064,1.048,38.19,4.508,9279260.0,36.37,0.359,1.006,18426446.0,258.109,0.155,99.869,0.001,0.0,Quest-Pro,Phasmophobia,Jenga,False,False,0.2
12/9/2023 6:55:18 PM,317409632.0,525000000.0,34.29,139.17,44.11,1.472,29.532,31.748,9.538,6.731,3293548544.0,1515331200.0,2951386624.0,124545976.0,8105289.0,77.377,14.011,39.414,42.989,27.22,72.74,88.063,0.0,0.0,2.313,9237381.0,663279360.0,0.465,13.483,68.546,3.257,97.687,1493160320.0,70735110144.0,24255049728.0,77942882304.0,7508615168.0,0.408,2.066,1.05,38.353,4.555,9201227.0,37.027,0.332,1.004,18226492.0,260.129,0.157,99.844,0.001,0.0,Quest-Pro,Phasmophobia,Jenga,False,False,0.2
12/9/2023 6:55:19 PM,330351200.0,525000000.0,35.757,218.773,39.262,1.414,30.296,31.604,10.21,8.376,3557751808.0,1640908800.0,3185288448.0,129788016.0,13875469.0,76.868,15.733,38.415,41.904,26.868,72.198,88.096,0.0,0.0,2.346,10066489.0,712377536.0,0.463,12.893,67.493,3.274,97.654,1576397312.0,74765549568.0,25468979200.0,82253774848.0,8169679360.0,0.404,2.044,1.116,38.212,4.688,10029765.0,38.601,0.321,1.004,19852490.0,258.233,0.172,99.836,0.001,0.0,Quest-Pro,Phasmophobia,Jenga,False,False,0.2
12/9/2023 6:55:20 PM,314022016.0,525000000.0,34.62,159.134,49.245,1.46,29.444,31.756,9.561,7.037,3311216128.0,1537013504.0,2965897984.0,124014752.0,10397155.0,77.001,14.313,39.339,42.91,27.171,72.4,88.116,0.0,0.0,2.317,9242312.0,663618304.0,0.465,13.418,68.545,3.257,97.683,1493400832.0,70768058368.0,24267151360.0,77979811840.0,7511000576.0,0.408,2.067,1.051,38.351,4.554,9206179.0,37.027,0.323,1.004,18235908.0,260.042,0.157,99.844,0.001,0.0,Quest-Pro,Phasmophobia,Jenga,False,False,0.2
12/9/2023 6:55:21 PM,332742016.0,525000000.0,35.043,174.058,8.943,1.466,30.381,31.827,9.263,7.643,3463720960.0,1598441472.0,3112996608.0,133143224.0,4809802.0,78.445,15.256,38.882,42.408,26.62,73.894,88.19,0.0,0.0,2.275,9636801.0,697472064.0,0.463,13.816,69.137,3.239,97.725,1589154560.0,74722566144.0,25841149952.0,82225799168.0,7768514048.0,0.408,2.072,1.02,38.211,4.434,9576507.0,35.491,0.344,1.006,19015758.0,259.859,0.147,99.864,0.001,0.0,Quest-Pro,Phasmophobia,Jenga,False,False,0.2
12/9/2023 6:55:22 PM,323156288.0,525000000.0,35.005,134.442,9.079,1.512,30.332,31.713,9.721,7.219,3315976448.0,1510102656.0,2982125056.0,124643880.0,1365213.0,79.044,14.965,39.259,42.828,27.293,74.287,88.295,0.0,0.0,2.3,9297725.0,668294336.0,0.472,13.406,68.612,3.265,97.7,1504391552.0,71750090752.0,24444069888.0,79194120192.0,7708962304.0,0.409,2.068,1.079,38.523,4.637,9275885.0,36.815,0.328,1.002,18341534.0,259.154,0.156,99.832,0.001,0.016,Quest-Pro,Phasmophobia,Jenga,False,False,0.2
12/9/2023 6:55:23 PM,326068224.0,525000000.0,34.679,159.254,9.687,1.496,30.51,31.854,8.925,7.098,3486849536.0,1603645056.0,3137178624.0,133257664.0,3656462.25,79.211,15.142,39.046,42.601,26.763,74.648,88.313,0.0,0.0,2.245,9552259.0,694397184.0,0.471,13.95,69.436,3.258,97.755,1584125568.0,75687706624.0,25958096896.0,83757981696.0,7850624512.0,0.413,2.099,0.992,38.742,4.484,9507538.0,35.778,0.361,1.005,18847134.0,261.918,0.146,99.866,0.001,0.0,Quest-Pro,Phasmophobia,Jenga,False,False,0.2
12/9/2023 6:55:24 PM,324070624.0,525000000.0,36.558,144.137,17.529,1.476,30.819,31.646,9.84,8.095,3397713408.0,1590658688.0,3065243904.0,124111728.0,3625019.0,79.096,15.806,38.639,42.127,26.5,74.457,88.276,0.0,0.0,2.288,9230432.0,662603008.0,0.466,13.446,68.525,3.259,97.712,1528449024.0,71141605376.0,24691499008.0,77899276288.0,7500472320.0,0.401,2.042,1.062,37.761,4.45,9188493.0,36.967,0.32,1.005,18212194.0,266.417,0.155,99.856,0.001,0.0,Quest-Pro,Phasmophobia,Jenga,False,False,0.2
12/9/2023 6:55:25 PM,344494976.0,525000000.0,35.907,208.596,17.902,1.463,30.32,31.708,9.828,7.671,3621191168.0,1666975744.0,3254411264.0,130589336.0,9345110.0,77.508,15.284,38.791,42.34,27.254,72.737,88.187,0.0,0.0,2.361,10090206.0,715856512.0,0.465,12.942,67.669,3.277,97.639,1558630656.0,75104763904.0,25329528832.0,83115565056.0,8217457152.0,0.411,2.07,1.093,38.776,4.764,10052112.0,38.468,0.332,1.004,19902930.0,254.224,0.172,99.828,0.001,0.002,Quest-Pro,Phasmophobia,Jenga,False,False,0.2
12/9/2023 6:55:26 PM,335885632.0,525000000.0,36.185,258.529,144.059,1.358,30.485,31.868,9.092,7.826,3627214592.0,1707209984.0,3281427712.0,134436896.0,1585855.5,77.953,16.075,38.275,41.759,26.298,73.337,88.183,0.0,0.0,2.312,9959037.0,713802560.0,0.448,13.499,68.443,3.231,97.688,1565606656.0,74430316544.0,25570064384.0,82189910016.0,7765299712.0,0.412,2.088,1.008,38.532,4.488,9896612.0,36.735,0.35,1.006,19651720.0,252.561,0.149,99.876,0.002,0.0,Quest-Pro,Phasmophobia,Jenga,False,False,0.2
12/9/2023 6:55:27 PM,319709920.0,525000000.0,34.14,228.846,13.748,1.455,29.52,31.746,9.532,7.013,3288267776.0,1499162880.0,2951187968.0,124655432.0,4903282.0,77.119,14.835,39.124,42.676,27.018,72.524,88.146,0.0,0.0,2.309,9246109.0,663804160.0,0.465,13.482,68.536,3.257,97.691,1493987328.0,70773628928.0,24273145856.0,77982539776.0,7509210624.0,0.408,2.067,1.053,38.346,4.552,9210101.0,37.04,0.338,1.004,18242288.0,260.057,0.158,99.844,0.002,0.0,Quest-Pro,Phasmophobia,Jenga,False,False,0.2
12/9/2023 6:55:28 PM,312538976.0,525000000.0,31.186,203.9,161.609,1.449,29.382,31.763,9.335,5.654,3155035904.0,1457254656.0,2811121152.0,123324192.0,10471514.0,75.816,13.579,38.632,42.158,26.844,71.386,88.031,0.0,0.0,2.294,9238425.0,663144320.0,0.466,13.349,68.522,3.259,97.706,1463493248.0,70366134272.0,23879362560.0,77959077888.0,7507235328.0,0.413,2.087,1.041,38.879,4.643,9196800.0,36.949,0.361,1.005,18227734.0,254.752,0.159,99.82,0.001,0.028,Quest-Pro,Phasmophobia,Jenga,False,False,0.2
12/9/2023 6:55:29 PM,322890272.0,525000000.0,33.528,238.889,28.059,1.424,29.676,31.757,9.429,7.189,3384393216.0,1568894208.0,3030646272.0,129390584.0,7175590.0,77.228,15.131,38.613,42.099,26.364,72.725,88.277,0.0,0.0,2.24,9485438.0,685851840.0,0.467,13.641,69.053,3.252,97.76,1588271232.0,74369294336.0,25779484672.0,81719320576.0,7730146304.0,0.405,2.063,1.026,38.068,4.416,9444428.0,36.004,0.359,1.004,18714220.0,265.347,0.17,99.818,0.002,0.018,Quest-Pro,Phasmophobia,Jenga,False,False,0.2
12/9/2023 6:55:30 PM,327044864.0,525000000.0,34.003,242.969,16.821,1.443,29.872,31.761,9.582,7.503,3249996544.0,1492340480.0,2911310336.0,123726936.0,7153001.5,76.954,15.4,38.535,42.036,26.613,72.441,88.204,0.0,0.0,2.284,9211890.0,661199680.0,0.466,13.431,68.518,3.259,97.716,1489062784.0,70533955584.0,24192157696.0,77717446656.0,7483076096.0,0.408,2.067,1.054,38.343,4.551,9170377.0,36.947,0.345,1.005,18174494.0,259.946,0.158,99.844,0.002,0.0,Quest-Pro,Phasmophobia,Jenga,False,False,0.2
12/9/2023 6:55:31 PM,314007104.0,525000000.0,32.353,222.834,160.34,1.412,30.203,31.692,9.583,6.589,3157583872.0,1463857792.0,2826555392.0,122941736.0,4871690.5,76.904,14.3,38.425,41.917,26.54,72.454,88.341,0.0,0.0,2.282,9197200.0,660096448.0,0.466,13.367,68.513,3.259,97.718,1487073280.0,70450069504.0,24161398784.0,77626671104.0,7475332608.0,0.407,2.067,1.049,38.345,4.552,9155703.0,36.983,0.321,1.005,18145766.0,260.176,0.157,99.844,0.002,0.0,Quest-Pro,Phasmophobia,Jenga,False,False,0.2
12/9/2023 6:55:32 PM,342522784.0,525000000.0,33.17,263.793,109.685,1.372,29.103,31.695,9.528,7.399,3387052032.0,1577665408.0,3018277376.0,131757208.0,12839818.0,75.758,14.94,38.66,42.153,26.448,71.344,88.362,0.0,0.0,2.285,9830824.0,704257152.0,0.455,13.402,68.39,3.248,97.715,1596929024.0,74864812032.0,25911541760.0,82243600384.0,7831472640.0,0.404,2.06,1.03,38.067,4.447,9782505.0,37.206,0.384,1.005,19394798.0,262.397,0.148,99.849,0.002,0.006,Quest-Pro,Phasmophobia,Jenga,False,False,0.2
12/9/2023 6:55:33 PM,330793856.0,525000000.0,33.302,224.042,21.918,1.453,29.149,31.733,9.616,6.79,3249825024.0,1478409344.0,2904552448.0,124418320.0,9394727.0,76.176,14.418,39.223,42.787,27.089,71.642,88.109,0.0,0.0,2.31,9255293.0,664506240.0,0.466,13.443,68.54,3.257,97.69,1495124480.0,70824075264.0,24291086336.0,78037590016.0,7514192384.0,0.407,2.067,1.052,38.344,4.551,9219247.0,37.023,0.352,1.004,18260546.0,259.907,0.157,99.844,0.002,0.0,Quest-Pro,Phasmophobia,Jenga,False,False,0.2
12/9/2023 6:55:34 PM,339512800.0,525000000.0,34.23,208.991,10.597,1.473,29.953,31.618,9.601,7.325,3379399936.0,1582397184.0,3029987072.0,129006208.0,4868663.5,78.276,15.173,38.709,42.173,26.34,73.778,88.453,0.0,0.0,2.242,9466833.0,683517056.0,0.466,13.627,68.95,3.251,97.758,1598111744.0,74100416512.0,25843335168.0,81114136576.0,7700011520.0,0.4,2.047,1.037,37.735,4.376,9422278.0,36.087,0.309,1.005,18673372.0,267.975,0.149,99.792,0.001,0.063,Quest-Pro,Phasmophobia,Jenga,False,False,0.2
12/9/2023 6:55:35 PM,332553376.0,525000000.0,33.707,192.888,2.189,1.508,30.303,31.741,9.568,6.802,3207073792.0,1455676672.0,2880161792.0,123592896.0,345655.062,78.374,14.721,38.969,42.507,26.909,73.772,88.172,0.0,0.0,2.307,9192136.0,659984192.0,0.465,13.446,68.542,3.257,97.693,1485265664.0,70350045184.0,24129654784.0,77514334208.0,7463228416.0,0.408,2.067,1.052,38.344,4.551,9156269.0,37.037,0.346,1.004,18136356.0,260.043,0.157,99.844,0.001,0.0,Quest-Pro,Phasmophobia,Jenga,False,False,0.2
12/9/2023 6:55:36 PM,340496736.0,525000000.0,32.866,184.189,18.043,1.469,29.512,31.64,9.365,6.026,3359050496.0,1550403200.0,3010335232.0,130468544.0,4826115.0,78.338,13.865,39.413,42.974,26.9,73.802,88.078,0.0,0.0,2.261,9505396.0,688339904.0,0.468,13.726,69.162,3.254,97.739,1601271808.0,74885472256.0,25999063040.0,82231132160.0,7770845696.0,0.403,2.064,1.019,38.014,4.401,9459150.0,35.952,0.354,1.005,18748070.0,266.859,0.147,99.854,0.001,0.0,Quest-Pro,Phasmophobia,Jenga,False,False,0.2
12/9/2023 6:55:37 PM,324452512.0,525000000.0,32.93,178.609,14.134,1.492,29.087,31.624,9.857,5.933,3202811648.0,1449166208.0,2870086400.0,123574304.0,3680766.5,78.134,13.802,39.752,43.336,27.244,73.443,88.023,0.0,0.0,2.301,9215858.0,661494912.0,0.466,13.409,68.519,3.259,97.699,1531246208.0,71083917312.0,24704153600.0,77779001344.0,7490268672.0,0.4,2.038,1.065,37.701,4.441,9174073.0,36.948,0.351,1.005,18182962.0,267.21,0.155,99.846,0.001,0.0,Quest-Pro,Phasmophobia,Jenga,False,False,0.2
12/9/2023 6:55:38 PM,317910752.0,525000000.0,32.123,173.963,2.101,1.489,29.667,31.757,9.553,6.139,3080675072.0,1376345728.0,2752884736.0,123933496.0,311741.562,78.358,14.145,39.584,43.181,27.34,73.674,87.98,0.0,0.0,2.325,9238942.0,663368704.0,0.466,13.414,68.544,3.257,97.675,1492637824.0,70714859520.0,24251924480.0,77918674944.0,7503597056.0,0.408,2.067,1.05,38.346,4.552,9202858.0,37.011,0.357,1.004,18229058.0,259.89,0.157,99.844,0.001,0.0,Quest-Pro,Phasmophobia,Jenga,False,False,0.2
12/9/2023 6:55:39 PM,343059072.0,525000000.0,31.963,228.831,15.775,1.469,28.997,31.73,9.748,6.225,3315017728.0,1468812160.0,2943698688.0,130688488.0,11642281.0,76.136,13.827,39.666,43.297,27.943,71.348,87.898,0.0,0.0,2.387,10095434.0,715684224.0,0.465,12.945,67.616,3.276,97.613,1544311808.0,74890829824.0,25147541504.0,83050274816.0,8218149376.0,0.413,2.078,1.091,38.983,4.805,10060075.0,38.51,0.341,1.004,19914172.0,251.819,0.173,99.818,0.002,0.01,Quest-Pro,Phasmophobia,Jenga,False,False,0.2
12/9/2023 6:55:40 PM,328816320.0,525000000.0,33.318,233.856,37.124,1.424,29.779,31.743,9.481,7.074,3395709440.0,1578309248.0,3036130048.0,131525896.0,10530250.0,76.934,15.011,38.623,42.103,26.283,72.461,88.019,0.0,0.0,2.25,9525246.0,689883712.0,0.465,13.808,69.175,3.252,97.75,1608285696.0,74656153600.0,26037331968.0,81766957056.0,7735348736.0,0.403,2.051,1.03,37.78,4.367,9466334.0,35.927,0.352,1.006,18802734.0,267.594,0.147,99.854,0.002,0.0,Quest-Pro,Phasmophobia,Jenga,False,False,0.2
12/9/2023 6:55:41 PM,313826272.0,525000000.0,33.335,189.109,11.538,1.488,30.24,31.747,9.52,6.813,3174914560.0,1451454080.0,2841823744.0,124237896.0,3709886.75,78.348,14.949,38.976,42.515,26.918,73.601,87.884,0.0,0.0,2.312,9243614.0,663516736.0,0.466,13.44,68.522,3.259,97.688,1494481536.0,70798303232.0,24281364480.0,78009933824.0,7511971840.0,0.407,2.067,1.049,38.346,4.552,9201820.0,36.951,0.336,1.005,18237852.0,260.048,0.157,99.844,0.001,0.0,Quest-Pro,Phasmophobia,Jenga,False,False,0.2
12/9/2023 6:55:42 PM,324572032.0,525000000.0,34.346,187.232,15.037,1.479,31.031,31.7,9.614,8.371,3163966464.0,1449994624.0,2835585024.0,125199184.0,2560542.75,78.559,16.427,38.016,41.47,26.214,73.999,88.402,0.0,0.0,2.305,9299015.0,667494272.0,0.461,13.464,68.537,3.244,97.695,1496009216.0,70480576512.0,24274733056.0,77496786944.0,7457448448.0,0.405,2.061,1.054,38.14,4.513,9242274.0,36.419,0.345,1.006,18351082.0,257.109,0.156,99.87,0.001,0.0,Quest-Pro,Phasmophobia,Jenga,False,False,0.2
12/9/2023 6:55:43 PM,333130784.0,525000000.0,33.435,188.877,6.103,1.502,30.189,31.71,9.911,6.792,3304469760.0,1473184256.0,2946970368.0,129175120.0,1460756.125,78.304,14.567,39.321,42.925,27.758,73.442,88.103,0.0,0.0,2.404,10065702.0,712406656.0,0.463,12.833,67.504,3.272,97.596,1521854336.0,73709830144.0,24742531072.0,81666605056.0,8134000128.0,0.412,2.071,1.107,38.899,4.825,10018930.0,38.74,0.302,1.005,19850164.0,250.187,0.169,99.831,0.001,0.002,Quest-Pro,Phasmophobia,Jenga,False,False,0.2
12/9/2023 6:55:44 PM,332105088.0,525000000.0,32.981,174.04,1.979,1.501,29.617,31.722,9.582,6.303,3146583552.0,1425554304.0,2819083008.0,123710240.0,311879.625,78.397,14.073,39.619,43.216,27.362,73.643,88.126,0.0,0.0,2.321,9241682.0,663577536.0,0.465,13.386,68.545,3.257,97.679,1493285248.0,70748897280.0,24263102464.0,77956595712.0,7507497984.0,0.407,2.067,1.051,38.348,4.552,9205581.0,37.028,0.318,1.004,18234426.0,260.066,0.157,99.844,0.001,0.0,Quest-Pro,Phasmophobia,Jenga,False,False,0.2
12/9/2023 6:55:45 PM,337667040.0,525000000.0,32.254,184.128,12.652,1.517,29.381,31.753,9.395,5.765,3294718976.0,1519998720.0,2950252032.0,130236448.0,3700867.25,78.076,13.594,39.558,43.132,27.02,73.461,87.971,0.0,0.0,2.276,9484816.0,686014464.0,0.467,13.731,69.075,3.253,97.724,1593661440.0,74449379328.0,25852000256.0,81719689216.0,7737530880.0,0.405,2.06,1.024,37.978,4.405,9441869.0,36.014,0.346,1.005,18717316.0,266.352,0.148,99.868,0.001,0.0,Quest-Pro,Phasmophobia,Jenga,False,False,0.2
12/9/2023 6:55:46 PM,323605504.0,525000000.0,32.762,174.145,11.198,1.502,29.702,31.718,9.721,6.076,3219848448.0,1458388736.0,2883625984.0,124674320.0,3682392.25,77.803,13.621,39.627,43.244,27.619,73.033,87.821,0.0,0.0,2.33,9308208.0,669275840.0,0.475,13.394,68.634,3.268,97.67,1505921920.0,71983489024.0,24472801280.0,79493980160.0,7763701760.0,0.409,2.068,1.077,38.573,4.663,9285490.0,36.738,0.314,1.002,18361628.0,258.762,0.156,99.845,0.001,0.001,Quest-Pro,Phasmophobia,Jenga,False,False,0.2
12/9/2023 6:55:47 PM,334000928.0,525000000.0,32.285,189.126,10.674,1.491,29.544,31.637,9.452,6.056,3296424704.0,1512562560.0,2948449280.0,130735984.0,3710213.75,78.587,14.079,39.43,42.984,26.809,73.999,87.843,0.0,0.0,2.25,9515058.0,689609536.0,0.469,13.74,69.22,3.255,97.75,1619867648.0,75299414016.0,26255818752.0,82522578944.0,7782309376.0,0.401,2.055,1.02,37.836,4.361,9468144.0,35.916,0.325,1.005,18765598.0,269.562,0.146,99.855,0.001,0.0,Quest-Pro,Phasmophobia,Jenga,False,False,0.2
12/9/2023 6:55:48 PM,322716000.0,525000000.0,32.497,184.132,10.499,1.479,29.625,31.643,9.779,6.204,3175292672.0,1434706176.0,2838998528.0,126478016.0,3700953.5,78.007,13.714,39.457,43.025,27.059,73.306,87.94,0.0,0.0,2.341,9397231.0,674767936.0,0.462,13.459,68.56,3.245,97.659,1541849344.0,71660134400.0,24895723520.0,78440431616.0,7544195072.0,0.4,2.042,1.059,37.728,4.439,9340867.0,36.395,0.331,1.006,18547924.0,262.115,0.154,99.863,0.001,0.0,Quest-Pro,Phasmophobia,Jenga,False,False,0.2
12/9/2023 6:55:49 PM,319384448.0,525000000.0,32.224,174.022,2.414,1.521,30.014,31.708,9.894,6.004,3191365632.0,1410008320.0,2850550528.0,126861472.0,1434502.125,78.517,13.796,39.741,43.372,27.913,73.626,87.877,0.0,0.0,2.377,9701475.0,691732864.0,0.47,13.077,68.031,3.271,97.623,1516213632.0,73041723392.0,24636979200.0,80826040320.0,7991720960.0,0.411,2.069,1.101,38.784,4.765,9674447.0,37.663,0.279,1.003,19133792.0,253.785,0.154,99.832,0.001,0.016,Quest-Pro,Phasmophobia,Jenga,False,False,0.2
12/9/2023 6:55:50 PM,336209376.0,525000000.0,31.644,204.081,8.563,1.495,30.092,31.863,9.107,6.048,3225214976.0,1450347776.0,2877195776.0,131466416.0,3737406.0,78.305,14.027,39.361,42.948,27.006,73.749,88.094,0.0,0.0,2.272,9527865.0,691094272.0,0.47,13.798,69.278,3.256,97.728,1570479488.0,74683924480.0,25661956096.0,82480988160.0,7781479424.0,0.412,2.089,1.007,38.547,4.483,9469996.0,35.919,0.321,1.006,18803646.0,261.33,0.148,99.864,0.001,0.0,Quest-Pro,Phasmophobia,Jenga,False,False,0.2
12/9/2023 6:55:51 PM,327843968.0,525000000.0,33.334,174.175,11.569,1.528,30.208,31.701,9.553,6.65,3173318144.0,1450774912.0,2842113536.0,124236200.0,2559397.5,78.63,14.643,39.089,42.639,26.996,73.875,87.938,0.0,0.0,2.301,9243469.0,663523968.0,0.466,13.44,68.524,3.259,97.699,1494446464.0,70792716288.0,24280115200.0,78003216384.0,7510991872.0,0.407,2.067,1.052,38.345,4.551,9201667.0,36.955,0.34,1.005,18237868.0,260.03,0.157,99.844,0.001,0.0,Quest-Pro,Phasmophobia,Jenga,False,False,0.2
12/9/2023 6:55:52 PM,327862144.0,525000000.0,32.828,189.173,7.841,1.508,29.764,31.749,9.696,6.057,3350804224.0,1497759872.0,2993745408.0,131151920.0,2587087.0,78.598,14.197,39.839,43.485,27.999,73.584,87.873,0.0,0.0,2.382,10127921.0,719310016.0,0.466,12.95,67.745,3.278,97.618,1558160384.0,75636375552.0,25406113792.0,83922354176.0,8269085184.0,0.414,2.082,1.086,39.038,4.792,10093402.0,38.409,0.343,1.003,19981582.0,252.819,0.171,99.807,0.001,0.029,Quest-Pro,Phasmophobia,Jenga,False,False,0.2
12/9/2023 6:55:53 PM,326794816.0,525000000.0,31.577,253.299,58.607,1.459,28.487,31.669,9.341,6.417,3247968256.0,1505322880.0,2891033600.0,131322136.0,8303927.0,76.108,14.126,39.112,42.681,26.826,71.502,88.394,0.0,0.0,2.289,9808048.0,702878336.0,0.453,13.389,68.417,3.246,97.711,1583002240.0,74605568000.0,25749254144.0,82129371136.0,7791626240.0,0.405,2.071,1.022,38.252,4.461,9761074.0,37.212,0.332,1.005,19345652.0,260.746,0.148,99.926,0.002,0.0,Quest-Pro,Phasmophobia,Jenga,False,False,0.2
12/9/2023 6:55:54 PM,327390592.0,525000000.0,32.862,238.9,28.561,1.452,28.902,31.707,9.61,6.997,3173014784.0,1439913600.0,2828846336.0,124375960.0,9418406.0,76.343,14.537,39.181,42.74,27.019,71.747,88.27,0.0,0.0,2.299,9245352.0,663561728.0,0.466,13.453,68.514,3.259,97.701,1501536128.0,70893879296.0,24379664384.0,78006738944.0,7510841344.0,0.406,2.063,1.056,38.206,4.527,9203635.0,36.956,0.334,1.005,18240446.0,261.256,0.157,99.861,0.002,0.0,Quest-Pro,Phasmophobia,Jenga,False,False,0.2
12/9/2023 6:55:55 PM,346660928.0,525000000.0,33.726,283.595,85.705,1.365,29.621,31.663,9.978,8.054,3323492608.0,1500599680.0,2963022336.0,126719096.0,11748516.0,75.685,15.449,38.417,41.896,26.648,71.168,88.115,0.0,0.0,2.336,9664411.0,688638528.0,0.464,13.112,67.991,3.265,97.664,1545031936.0,72732131328.0,24951969792.0,79909781504.0,7825273344.0,0.403,2.044,1.089,38.08,4.591,9624021.0,37.91,0.318,1.004,19061476.0,260.915,0.176,99.811,0.002,0.019,Quest-Pro,Phasmophobia,Jenga,False,False,0.2
12/9/2023 6:55:56 PM,330762624.0,525000000.0,32.678,272.868,58.974,1.412,29.385,31.71,9.56,7.679,3112486912.0,1407431424.0,2767913984.0,123672912.0,10570861.0,75.857,15.238,38.719,42.235,26.74,71.324,88.316,0.0,0.0,2.31,9216679.0,661511680.0,0.466,13.418,68.514,3.259,97.69,1489906176.0,70582353920.0,24206964736.0,77772267520.0,7489254400.0,0.407,2.067,1.052,38.346,4.552,9175154.0,36.964,0.355,1.005,18183312.0,259.948,0.158,99.844,0.002,0.0,Quest-Pro,Phasmophobia,Jenga,False,False,0.2
12/9/2023 6:55:57 PM,337674144.0,525000000.0,33.08,198.908,5.875,1.522,30.2,31.734,9.784,6.684,3309375744.0,1455220352.0,2956353792.0,130323936.0,1479239.625,78.258,14.29,39.522,43.14,27.832,73.438,88.071,0.0,0.0,2.403,10085395.0,714487104.0,0.464,12.922,67.571,3.273,97.597,1537149824.0,74498957312.0,25017229312.0,82590605312.0,8186420736.0,0.413,2.075,1.098,38.957,4.809,10054147.0,38.615,0.308,1.003,19889446.0,251.281,0.174,99.806,0.001,0.027,Quest-Pro,Phasmophobia,Jenga,False,False,0.2
12/9/2023 6:55:58 PM,346941216.0,525000000.0,32.529,219.033,10.194,1.468,29.753,31.675,9.54,6.771,3319084800.0,1477295616.0,2963894016.0,132575192.0,3764505.25,77.887,14.601,39.17,42.718,26.935,73.196,87.991,0.0,0.0,2.322,9890498.0,709591808.0,0.464,13.404,68.486,3.258,97.678,1603098752.0,75448926208.0,26010193920.0,82971500544.0,7952980480.0,0.405,2.061,1.044,38.151,4.495,9826241.0,37.036,0.366,1.007,19509434.0,261.53,0.168,99.838,0.001,0.0,Quest-Pro,Phasmophobia,Jenga,False,False,0.2
12/9/2023 6:55:59 PM,332911040.0,525000000.0,32.329,189.082,10.426,1.5,29.821,31.682,9.593,6.462,3100556032.0,1384236032.0,2769678336.0,124095472.0,2585839.75,78.098,14.175,39.393,42.968,27.162,73.437,88.032,0.0,0.0,2.315,9242019.0,663367552.0,0.466,13.427,68.518,3.259,97.685,1501521536.0,70886555648.0,24377354240.0,77997129728.0,7510638080.0,0.406,2.062,1.054,38.205,4.528,9200212.0,36.96,0.334,1.005,18234640.0,261.339,0.157,99.862,0.001,0.0,Quest-Pro,Phasmophobia,Jenga,False,False,0.2
12/9/2023 6:56:00 PM,339715040.0,525000000.0,32.762,184.065,25.089,1.488,30.05,31.793,9.129,6.227,3315004928.0,1506891392.0,2961419520.0,130001072.0,4822861.5,78.282,14.134,39.232,42.804,27.01,73.659,87.867,0.0,0.0,2.298,9691192.0,694490304.0,0.461,13.414,68.398,3.264,97.702,1552642048.0,74090733568.0,25352896512.0,81907982336.0,7783847424.0,0.411,2.086,1.015,38.643,4.536,9647165.0,37.715,0.342,1.005,19126802.0,260.71,0.171,99.821,0.001,0.012,Quest-Pro,Phasmophobia,Jenga,False,False,0.2
12/9/2023 6:56:01 PM,333858048.0,525000000.0,33.777,183.289,7.307,1.472,30.327,31.648,9.79,6.918,3241851136.0,1478069120.0,2908788224.0,123740512.0,3684008.25,78.076,14.516,38.893,42.403,26.687,73.507,88.082,0.0,0.0,2.3,9200866.0,660434304.0,0.466,13.449,68.52,3.259,97.7,1522023936.0,70882361344.0,24582113280.0,77647175680.0,7476663296.0,0.401,2.043,1.061,37.805,4.458,9159175.0,36.963,0.321,1.005,18153340.0,266.105,0.155,99.846,0.001,0.0,Quest-Pro,Phasmophobia,Jenga,False,False,0.2
12/9/2023 6:56:02 PM,336901184.0,525000000.0,32.522,184.06,16.228,1.466,30.402,31.79,9.201,6.401,3287149056.0,1474945920.0,2939213568.0,131271912.0,3699513.25,78.389,14.511,38.941,42.483,26.767,73.718,87.835,0.0,0.0,2.31,9649169.0,695700480.0,0.459,13.604,68.843,3.257,97.69,1550790144.0,73843646464.0,25322059776.0,81592819712.0,7725178368.0,0.411,2.087,1.011,38.586,4.508,9588638.0,36.716,0.344,1.006,19044792.0,257.558,0.171,99.83,0.001,0.0,Quest-Pro,Phasmophobia,Jenga,False,False,0.2
12/9/2023 6:56:03 PM,327629120.0,525000000.0,31.803,184.031,7.334,1.456,29.613,31.759,9.308,6.071,3323102208.0,1521332736.0,2973409792.0,131837248.0,2575875.0,77.964,14.874,38.403,41.903,26.51,73.323,88.179,0.0,0.0,2.274,9865775.0,707683008.0,0.462,13.363,68.475,3.256,97.726,1572444160.0,74876018688.0,25627910144.0,82679906304.0,7908153344.0,0.409,2.08,1.029,38.531,4.55,9801345.0,37.095,0.351,1.007,19462646.0,257.417,0.169,99.844,0.001,0.0,Quest-Pro,Phasmophobia,Jenga,False,False,0.2
12/9/2023 6:56:04 PM,312071584.0,525000000.0,32.966,214.052,42.195,1.449,29.17,31.711,9.794,6.688,3274198016.0,1505846144.0,2921128960.0,124397952.0,12747393.0,76.166,14.309,38.992,42.529,27.039,71.692,88.415,0.0,0.0,2.276,9292910.0,667737152.0,0.473,13.386,68.587,3.267,97.724,1517796480.0,71895941120.0,24603148288.0,79172001792.0,7706788864.0,0.407,2.058,1.081,38.303,4.599,9265432.0,36.725,0.34,1.003,18330780.0,261.348,0.156,99.833,0.001,0.016,Quest-Pro,Phasmophobia,Jenga,False,False,0.2
12/9/2023 6:56:05 PM,337457280.0,525000000.0,32.694,209.025,28.904,1.434,29.211,31.774,9.351,6.345,3358896640.0,1545219072.0,3002682880.0,132557856.0,8240592.5,77.07,13.89,39.232,42.78,26.8,72.535,88.277,0.0,0.0,2.271,9633374.0,696584064.0,0.463,13.76,69.071,3.238,97.729,1596303232.0,74617077760.0,25907605504.0,81916116992.0,7751413248.0,0.405,2.062,1.023,37.988,4.404,9573782.0,35.515,0.367,1.006,19009976.0,261.207,0.148,99.875,0.001,0.0,Quest-Pro,Phasmophobia,Jenga,False,False,0.2
12/9/2023 6:56:06 PM,321208032.0,525000000.0,33.509,174.136,2.043,1.519,30.359,31.678,9.744,6.507,3241808896.0,1461527168.0,2911400192.0,124660480.0,312051.594,79.116,14.491,39.33,42.908,27.445,74.291,88.104,0.0,0.0,2.309,9311596.0,669613248.0,0.477,13.388,68.639,3.272,97.691,1508257024.0,72213381120.0,24509652992.0,79782739968.0,7812359168.0,0.409,2.068,1.082,38.623,4.685,9282879.0,36.621,0.333,1.003,18367850.0,258.779,0.155,99.832,0.001,0.018,Quest-Pro,Phasmophobia,Jenga,False,False,0.2
12/9/2023 6:56:07 PM,370668576.0,525000000.0,31.392,238.806,70.062,1.485,29.881,31.85,9.149,7.171,3521505792.0,1594757120.0,3127710976.0,147652928.0,7168007.5,77.044,15.874,36.924,40.357,25.839,72.312,88.251,0.0,0.0,2.376,11288907.0,811264192.0,0.436,13.079,68.684,3.18,97.624,1768404224.0,79915311104.0,27203141632.0,88257470464.0,8583434240.0,0.388,1.954,0.96,36.37,4.376,11246708.0,36.594,0.357,1.004,22326122.0,250.358,0.393,99.609,0.002,0.0,Quest-Pro,Phasmophobia,Jenga,False,False,0.2
12/9/2023 6:56:08 PM,320185248.0,525000000.0,30.087,124.402,193.09,1.67,28.102,31.605,9.548,5.048,3183343104.0,1438170496.0,2830285824.0,135417664.0,3593600.75,77.82,14.275,36.992,40.432,25.636,72.48,88.732,0.0,0.0,2.452,10531939.0,758356352.0,0.409,12.858,68.899,3.106,97.548,1703257472.0,70549987328.0,24784584704.0,76502540288.0,7514137600.0,0.355,1.797,0.921,33.445,3.987,10516195.0,36.43,0.429,1.001,20877006.0,257.234,0.158,99.843,0.001,0.0,Quest-Pro,Phasmophobia,Jenga,False,False,0.2
12/9/2023 6:56:09 PM,331251424.0,525000000.0,29.83,193.665,204.069,1.629,29.24,31.687,9.386,5.427,3216926464.0,1414978176.0,2842678784.0,140657264.0,8195682.5,76.959,14.145,36.949,40.468,26.417,71.606,88.578,0.0,0.0,2.598,11316377.0,803842176.0,0.409,12.43,67.905,3.129,97.402,1655691392.0,72008318976.0,24306835456.0,79384739840.0,8009111552.0,0.367,1.838,0.939,34.701,4.343,11268716.0,38.024,0.378,1.004,22415740.0,239.221,0.207,99.817,0.001,0.0,Quest-Pro,Phasmophobia,Jenga,False,False,0.2
12/9/2023 6:56:10 PM,330698144.0,525000000.0,30.825,223.943,132.57,1.555,27.612,31.627,9.55,5.866,3220145152.0,1461805568.0,2859022080.0,135383600.0,8266893.5,76.304,14.618,37.129,40.583,25.732,71.162,88.62,0.0,0.0,2.476,10535603.0,758491584.0,0.409,12.85,68.888,3.106,97.524,1705606144.0,70563504128.0,24790413312.0,76514729984.0,7515727872.0,0.355,1.796,0.921,33.408,3.982,10520007.0,36.421,0.411,1.001,20882576.0,257.448,0.206,99.795,0.002,0.0,Quest-Pro,Phasmophobia,Jenga,False,False,0.2
12/9/2023 6:56:11 PM,344756512.0,525000000.0,31.42,233.714,250.21,1.571,28.194,31.742,9.29,6.377,3448462080.0,1563562240.0,3071451392.0,144278480.0,8278292.0,76.963,15.628,36.703,40.136,25.542,71.687,88.571,0.0,0.0,2.437,11020087.0,799334848.0,0.414,13.092,69.438,3.096,97.563,1809602560.0,75096113152.0,26209271808.0,81736425472.0,8018627584.0,0.356,1.793,0.898,33.434,3.997,11015343.0,35.194,0.435,1.0,21853650.0,255.959,0.219,99.791,0.002,0.0,Quest-Pro,Phasmophobia,Jenga,False,False,0.2
12/9/2023 6:56:12 PM,328581056.0,525000000.0,32.183,243.843,246.719,1.492,27.935,31.619,9.523,6.98,3276908288.0,1483653888.0,2918807040.0,135796528.0,8302380.0,76.531,16.043,36.764,40.182,25.478,71.395,88.381,0.0,0.0,2.472,10528302.0,757761792.0,0.409,12.898,68.867,3.107,97.528,1705563136.0,70567116800.0,24790710272.0,76519514112.0,7516647936.0,0.355,1.796,0.919,33.409,3.983,10507073.0,36.374,0.412,1.002,20867720.0,257.553,0.206,99.795,0.002,0.0,Quest-Pro,Phasmophobia,Jenga,False,False,0.2
12/9/2023 6:56:13 PM,345119104.0,525000000.0,31.051,248.861,154.322,1.574,27.349,31.679,9.334,6.33,3425097472.0,1538120704.0,3029161472.0,146250208.0,13931746.0,76.271,15.572,37.087,40.559,25.809,71.017,88.349,0.0,0.0,2.478,11242526.0,810927680.0,0.412,13.009,69.015,3.115,97.522,1804158976.0,75437334528.0,26257035264.0,82231238656.0,8064682496.0,0.358,1.806,0.907,33.684,4.032,11212633.0,36.198,0.383,1.003,22269638.0,254.59,0.194,99.794,0.002,0.016,Quest-Pro,Phasmophobia,Jenga,False,False,0.2
12/9/2023 6:56:14 PM,335349376.0,525000000.0,32.632,238.167,225.087,1.505,28.589,31.559,9.776,7.931,3275049472.0,1488039936.0,2912933376.0,137623040.0,7148820.0,76.912,16.93,36.185,39.545,25.067,71.799,88.282,0.0,0.0,2.482,10865108.0,776040000.0,0.404,12.667,68.313,3.112,97.518,1733631744.0,71273021440.0,25144379392.0,77024329728.0,7616477184.0,0.352,1.786,0.936,33.214,3.974,10823935.0,37.39,0.411,1.004,21529770.0,258.179,0.204,99.812,0.002,0.0,Quest-Pro,Phasmophobia,Jenga,False,False,0.2
12/9/2023 6:56:15 PM,346646272.0,525000000.0,32.791,243.917,201.808,1.511,28.364,31.595,9.691,7.42,3464026112.0,1575436672.0,3084351488.0,140532336.0,9428865.0,77.028,16.668,36.566,39.953,25.365,71.879,88.268,0.0,0.0,2.458,10999901.0,789228352.0,0.413,12.776,68.625,3.124,97.542,1790300800.0,74342219776.0,26093170688.0,80579649536.0,7959223296.0,0.356,1.8,0.94,33.539,4.021,10991040.0,36.942,0.425,1.001,21801512.0,260.662,0.218,99.759,0.002,0.032,Quest-Pro,Phasmophobia,Jenga,False,False,0.2
12/9/2023 6:56:16 PM,346709920.0,525000000.0,30.714,243.792,105.837,1.621,28.017,31.719,9.303,5.926,3431317760.0,1521051008.0,3038875136.0,146971888.0,10547415.0,76.937,15.103,37.288,40.812,26.402,71.625,88.569,0.0,0.0,2.501,11326555.0,818294912.0,0.423,12.976,69.117,3.128,97.499,1790249216.0,76368142336.0,26092189696.0,83808714752.0,8371598848.0,0.363,1.817,0.919,34.164,4.206,11294882.0,35.942,0.399,1.003,22432920.0,249.743,0.194,99.797,0.002,0.013,Quest-Pro,Phasmophobia,Jenga,False,False,0.2
12/9/2023 6:56:17 PM,341133824.0,525000000.0,31.673,268.671,229.083,1.492,28.217,31.651,9.52,7.517,3225710080.0,1449348096.0,2863626240.0,135860464.0,9468685.0,75.922,16.894,36.16,39.525,25.061,70.875,88.133,0.0,0.0,2.457,10534264.0,758374528.0,0.409,12.897,68.886,3.106,97.543,1705207040.0,70544367616.0,24784328704.0,76493414400.0,7513338368.0,0.355,1.796,0.919,33.406,3.982,10518731.0,36.421,0.408,1.001,20879134.0,257.406,0.207,99.795,0.002,0.0,Quest-Pro,Phasmophobia,Jenga,False,False,0.2
12/9/2023 6:56:18 PM,347702464.0,525000000.0,30.699,248.863,198.209,1.555,28.134,31.697,9.163,6.916,3330708224.0,1486838784.0,2939692800.0,145841440.0,11684236.0,76.715,15.97,36.894,40.348,25.714,71.557,88.394,0.0,0.0,2.463,11238970.0,810934080.0,0.413,12.976,69.036,3.118,97.537,1796640128.0,76151169024.0,26360836096.0,83324477440.0,8128095744.0,0.362,1.83,0.896,34.139,4.079,11225989.0,36.148,0.402,1.001,22267042.0,253.061,0.192,99.783,0.002,0.032,Quest-Pro,Phasmophobia,Jenga,False,False,0.2
12/9/2023 6:56:19 PM,330630816.0,525000000.0,31.652,222.922,170.956,1.55,28.436,31.603,9.55,7.435,3162207232.0,1410363520.0,2802519808.0,134949136.0,9347746.0,76.985,16.633,36.389,39.774,25.22,71.823,88.185,0.0,0.0,2.471,10480111.0,754313792.0,0.409,12.877,68.869,3.107,97.529,1695635328.0,70231941120.0,24673359872.0,76157198336.0,7479982080.0,0.355,1.797,0.92,33.443,3.986,10458968.0,36.369,0.441,1.002,20772602.0,257.2,0.159,99.843,0.002,0.0,Quest-Pro,Phasmophobia,Jenga,False,False,0.2
12/9/2023 6:56:20 PM,346189568.0,525000000.0,30.604,263.817,244.355,1.56,27.98,31.635,9.318,6.81,3304655872.0,1450927104.0,2920868608.0,145429856.0,9464105.0,76.775,16.164,36.947,40.41,25.783,71.501,88.153,0.0,0.0,2.479,11232880.0,809803904.0,0.412,12.947,68.977,3.115,97.521,1789564672.0,75327365120.0,26141913088.0,82234081280.0,8068409344.0,0.359,1.816,0.904,33.893,4.066,11201670.0,36.237,0.409,1.003,22246136.0,252.933,0.15,99.856,0.002,0.0,Quest-Pro,Phasmophobia,Jenga,False,False,0.2
12/9/2023 6:56:21 PM,333992320.0,525000000.0,31.756,233.722,205.504,1.512,28.572,31.644,9.65,7.226,3227904768.0,1452013696.0,2869294336.0,135118320.0,8278583.5,76.657,16.464,36.309,39.685,25.163,71.558,88.206,0.0,0.0,2.45,10524218.0,757625024.0,0.408,12.839,68.884,3.105,97.55,1702151680.0,70507659264.0,24768991232.0,76457279488.0,7510029824.0,0.355,1.797,0.919,33.446,3.987,10508702.0,36.463,0.421,1.001,20859936.0,257.367,0.159,99.843,0.002,0.0,Quest-Pro,Phasmophobia,Jenga,False,False,0.2
12/9/2023 6:56:22 PM,338235616.0,525000000.0,31.483,154.261,233.143,1.672,28.558,31.79,9.31,6.318,3430773504.0,1504327552.0,3046675968.0,149972592.0,3647156.5,78.791,15.804,37.187,40.699,26.276,73.191,88.402,0.0,0.0,2.548,11770445.0,844263872.0,0.409,12.741,68.631,3.096,97.452,1798440448.0,76495396864.0,26186235904.0,83917742080.0,8350294528.0,0.363,1.815,0.912,34.082,4.176,11737762.0,36.121,0.419,1.003,23319970.0,242.571,0.193,99.808,0.001,0.0,Quest-Pro,Phasmophobia,Jenga,False,False,0.2
12/9/2023 6:56:23 PM,343639040.0,525000000.0,32.124,228.934,141.866,1.501,28.463,31.577,9.825,7.188,3331646976.0,1505830016.0,2966486528.0,135786944.0,8276343.5,76.615,16.29,36.211,39.542,24.857,71.551,88.337,0.0,0.0,2.427,10538052.0,758359168.0,0.408,12.885,68.86,3.104,97.573,1756591232.0,71392378880.0,25422317568.0,76874178560.0,7532970496.0,0.349,1.775,0.93,32.947,3.887,10529602.0,36.418,0.424,1.001,20882416.0,264.867,0.25,99.737,0.002,0.019,Quest-Pro,Phasmophobia,Jenga,False,False,0.2
12/9/2023 6:56:24 PM,346755424.0,525000000.0,31.468,247.575,189.6,1.553,28.036,31.647,9.248,6.816,3408912128.0,1545496704.0,3035528960.0,143775888.0,8269728.5,76.927,16.043,36.545,39.936,25.036,71.824,88.45,0.0,0.0,2.379,10810089.0,786208448.0,0.412,13.3,69.626,3.103,97.621,1825993088.0,74828251136.0,26540331008.0,81016012800.0,7779918336.0,0.352,1.795,0.878,33.172,3.849,10778795.0,35.294,0.441,1.003,21416720.0,264.118,0.216,99.788,0.002,0.0,Quest-Pro,Phasmophobia,Jenga,False,False,0.2
12/9/2023 6:56:25 PM,329903200.0,525000000.0,32.0,243.055,200.899,1.537,28.067,31.629,9.552,6.966,3258884352.0,1495393280.0,2897035008.0,135477920.0,10515518.0,76.381,16.161,36.559,39.958,25.327,71.244,88.389,0.0,0.0,2.463,10498226.0,755303104.0,0.409,12.905,68.84,3.106,97.537,1703781504.0,70409551872.0,24752883712.0,76325830656.0,7493753344.0,0.354,1.793,0.92,33.379,3.976,10475587.0,36.365,0.457,1.002,20803744.0,257.991,0.232,99.77,0.002,0.0,Quest-Pro,Phasmophobia,Jenga,False,False,0.2
12/9/2023 6:56:26 PM,343134880.0,525000000.0,31.361,243.639,167.801,1.606,27.633,31.767,9.116,6.397,3426457088.0,1548747520.0,3043674112.0,146657088.0,9418121.0,76.709,15.795,36.898,40.344,25.536,71.461,88.441,0.0,0.0,2.465,11124620.0,806728832.0,0.404,13.183,69.439,3.078,97.535,1810901504.0,74810753024.0,26242265088.0,81352253440.0,7892364288.0,0.356,1.795,0.878,33.359,3.934,11101479.0,34.946,0.43,1.002,22053584.0,253.326,0.218,99.683,0.002,0.1,Quest-Pro,Phasmophobia,Jenga,False,False,0.2
12/9/2023 6:56:27 PM,351865408.0,525000000.0,32.984,228.618,50.955,1.627,28.553,31.738,9.375,7.553,3423448320.0,1558589824.0,3056331520.0,143380032.0,2654031.5,78.659,17.299,36.263,39.63,24.902,73.367,88.651,0.0,0.0,2.421,10947064.0,792934848.0,0.404,13.098,69.349,3.085,97.579,1821009664.0,74035855360.0,26267150336.0,80059883520.0,7738763264.0,0.351,1.777,0.885,32.945,3.846,10928457.0,35.475,0.441,1.002,21713600.0,260.752,0.219,99.773,0.002,0.012,Quest-Pro,Phasmophobia,Jenga,False,False,0.2
12/9/2023 6:56:28 PM,340476576.0,525000000.0,31.518,258.635,221.116,1.505,27.871,31.608,9.588,7.312,3193522432.0,1441728384.0,2834348544.0,135661840.0,7201683.5,76.079,16.345,36.552,39.944,25.29,70.988,88.414,0.0,0.0,2.451,10532858.0,757996992.0,0.408,12.88,68.861,3.104,97.549,1716343552.0,70694076416.0,24904648704.0,76546203648.0,7516326400.0,0.353,1.789,0.92,33.304,3.962,10515838.0,36.436,0.41,1.002,20872128.0,259.219,0.232,99.754,0.002,0.021,Quest-Pro,Phasmophobia,Jenga,False,False,0.2
12/9/2023 6:56:29 PM,350958272.0,525000000.0,30.504,243.759,170.891,1.583,28.205,31.616,9.519,6.783,3314365952.0,1478326656.0,2929635584.0,145577808.0,8299501.5,76.846,15.983,36.577,39.983,25.373,71.671,88.53,0.0,0.0,2.469,11229085.0,808922816.0,0.411,12.964,68.925,3.113,97.531,1821882624.0,75416551424.0,26429820928.0,81891434496.0,8041009152.0,0.353,1.791,0.913,33.41,3.987,11196820.0,36.225,0.445,1.003,22238012.0,257.5,0.218,99.776,0.002,0.011,Quest-Pro,Phasmophobia,Jenga,False,False,0.2
12/9/2023 6:56:30 PM,332764224.0,525000000.0,30.802,248.734,258.92,1.529,27.785,31.652,9.539,6.877,3147874560.0,1394842112.0,2791034368.0,135582448.0,7185183.0,76.229,16.001,36.75,40.166,25.46,71.043,88.182,0.0,0.0,2.476,10528464.0,757487488.0,0.409,12.878,68.841,3.106,97.524,1708723968.0,70622732288.0,24826103808.0,76558458880.0,7517397504.0,0.354,1.793,0.916,33.381,3.977,10505769.0,36.364,0.418,1.002,20863582.0,258.044,0.232,99.77,0.002,0.0,Quest-Pro,Phasmophobia,Jenga,False,False,0.2
12/9/2023 6:56:31 PM,348560704.0,525000000.0,30.169,273.501,204.24,1.546,27.754,31.718,9.241,6.404,3310746880.0,1454825216.0,2928002048.0,143624032.0,9472563.0,76.15,16.026,36.943,40.403,25.817,70.986,87.815,0.0,0.0,2.466,11132904.0,800122176.0,0.414,12.901,68.761,3.109,97.534,1763038848.0,74975707136.0,25924536320.0,82011791360.0,8045278208.0,0.363,1.832,0.91,34.208,4.112,11117140.0,36.17,0.439,1.001,22043386.0,250.959,0.241,99.771,0.002,0.0,Quest-Pro,Phasmophobia,Jenga,False,False,0.2
12/9/2023 6:56:32 PM,350531456.0,525000000.0,30.866,243.858,123.663,1.597,27.782,31.729,9.232,7.091,3295750912.0,1470222848.0,2906687488.0,146103680.0,11673949.0,76.609,16.37,36.552,39.966,25.232,71.405,88.399,0.0,0.0,2.491,11320853.0,813682432.0,0.398,12.906,68.786,3.088,97.509,1815555328.0,74417504256.0,26241599488.0,80682237952.0,7834781184.0,0.353,1.785,0.881,33.128,3.898,11283050.0,36.506,0.393,1.003,22450094.0,255.903,0.219,99.797,0.002,0.0,Quest-Pro,Phasmophobia,Jenga,False,False,0.2
12/9/2023 6:56:33 PM,334082624.0,525000000.0,30.555,248.754,20.461,1.596,27.101,31.655,9.557,6.169,3182873600.0,1407241472.0,2815743232.0,136126688.0,10555784.0,75.721,15.02,37.323,40.792,25.856,70.542,88.402,0.0,0.0,2.481,10535187.0,758176000.0,0.408,12.921,68.862,3.104,97.519,1708864256.0,70624985088.0,24827615232.0,76560269312.0,7517236224.0,0.354,1.793,0.92,33.38,3.976,10518153.0,36.435,0.412,1.002,20876924.0,258.048,0.232,99.77,0.002,0.0,Quest-Pro,Phasmophobia,Jenga,False,False,0.2
12/9/2023 6:56:34 PM,345699456.0,525000000.0,31.919,244.041,6.059,1.644,28.56,31.616,9.853,7.024,3358801664.0,1461129984.0,2983969024.0,142799008.0,1561860.75,78.202,16.34,37.189,40.662,26.197,72.698,88.355,0.0,0.0,2.535,11404333.0,811672128.0,0.412,12.521,68.042,3.131,97.465,1775678080.0,75024654336.0,25911040000.0,81757454336.0,8234885120.0,0.359,1.804,0.964,33.942,4.185,11393685.0,37.825,0.414,1.001,22587834.0,252.895,0.243,99.744,0.002,0.018,Quest-Pro,Phasmophobia,Jenga,False,False,0.2
12/9/2023 6:56:35 PM,336997504.0,525000000.0,33.16,223.422,8.674,1.594,29.083,31.534,9.839,7.792,3285599488.0,1486050816.0,2932409856.0,135549168.0,3763498.25,78.4,17.193,36.234,39.581,24.941,73.214,88.687,0.0,0.0,2.436,10507048.0,755945600.0,0.409,12.901,68.841,3.106,97.564,1739093504.0,70900244480.0,25190744064.0,76412370944.0,7503316992.0,0.349,1.778,0.932,32.998,3.905,10484250.0,36.371,0.411,1.002,20821230.0,263.208,0.229,99.777,0.002,0.0,Quest-Pro,Phasmophobia,Jenga,False,False,0.2
12/9/2023 6:56:36 PM,342865664.0,525000000.0,31.511,238.829,13.684,1.602,27.973,31.535,9.593,6.815,3325447936.0,1506039680.0,2951650816.0,141626224.0,8292142.5,77.546,16.07,37.002,40.415,25.273,72.429,88.631,0.0,0.0,2.42,10785925.0,781942208.0,0.411,13.131,69.393,3.104,97.58,1823788160.0,74350878720.0,26539028480.0,80149839872.0,7736930816.0,0.351,1.792,0.906,33.092,3.844,10762271.0,35.507,0.401,1.002,21375592.0,265.363,0.149,99.858,0.002,0.0,Quest-Pro,Phasmophobia,Jenga,False,False,0.2
12/9/2023 6:56:37 PM,333976832.0,525000000.0,30.987,213.366,10.789,1.648,27.391,31.591,9.61,6.04,3147031040.0,1393411072.0,2792100096.0,135051536.0,4863861.0,77.8,15.55,37.483,40.959,25.936,72.362,88.232,0.0,0.0,2.479,10497862.0,755610112.0,0.409,12.865,68.87,3.107,97.521,1708321792.0,70462742528.0,24819476480.0,76297060352.0,7494736896.0,0.353,1.792,0.923,33.355,3.97,10476664.0,36.355,0.396,1.002,20807952.0,258.695,0.158,99.828,0.002,0.021,Quest-Pro,Phasmophobia,Jenga,False,False,0.2
12/9/2023 6:56:38 PM,344986112.0,525000000.0,30.789,189.174,8.694,1.68,27.662,31.689,9.267,5.913,3272996096.0,1464797568.0,2905196800.0,143755776.0,3711158.5,78.963,15.616,37.351,40.827,25.677,73.582,88.539,0.0,0.0,2.424,10844577.0,788087808.0,0.411,13.256,69.569,3.102,97.576,1825276288.0,74432299008.0,26398638080.0,80511131648.0,7778096128.0,0.352,1.786,0.883,33.028,3.854,10825629.0,35.308,0.423,1.002,21508970.0,263.158,0.149,99.864,0.001,0.0,Quest-Pro,Phasmophobia,Jenga,False,False,0.2
12/9/2023 6:56:39 PM,333584384.0,525000000.0,32.895,233.767,116.835,1.567,27.985,31.585,9.73,7.606,3330168832.0,1526753408.0,2958948352.0,135746832.0,13895328.0,76.323,16.815,36.418,39.787,25.108,71.237,88.114,0.0,0.0,2.466,10522771.0,757361152.0,0.409,12.9,68.867,3.107,97.534,1730094336.0,70844391424.0,25103839232.0,76461613056.0,7509749248.0,0.352,1.784,0.932,33.134,3.929,10501504.0,36.374,0.415,1.002,20856828.0,261.402,0.158,99.844,0.002,0.0,Quest-Pro,Phasmophobia,Jenga,False,False,0.2
12/9/2023 6:56:40 PM,332925728.0,525000000.0,33.173,208.932,22.542,1.59,28.762,31.659,9.383,6.948,3549652480.0,1622412416.0,3168096512.0,142645376.0,8236924.5,78.043,16.787,36.622,40.033,25.366,72.798,88.149,0.0,0.0,2.446,11033635.0,793957184.0,0.415,12.928,68.831,3.127,97.554,1785943552.0,74824261632.0,26189312000.0,81385873408.0,7942015488.0,0.359,1.816,0.916,33.826,4.017,11013657.0,36.822,0.394,1.002,21865292.0,259.012,0.195,99.796,0.001,0.012,Quest-Pro,Phasmophobia,Jenga,False,False,0.2
12/9/2023 6:56:41 PM,337459200.0,525000000.0,33.9,182.732,41.147,1.62,28.836,31.656,9.571,7.45,3487618560.0,1628176000.0,3120483840.0,140835808.0,8133281.5,78.253,17.035,36.154,39.507,24.827,73.08,88.47,0.0,0.0,2.447,10821473.0,781989568.0,0.404,13.014,69.178,3.085,97.553,1786038528.0,72519098368.0,25823578112.0,78180941824.0,7605050368.0,0.351,1.778,0.907,32.888,3.853,10788937.0,35.696,0.464,1.003,21468570.0,259.966,0.152,99.875,0.001,0.0,Quest-Pro,Phasmophobia,Jenga,False,False,0.2
12/9/2023 6:56:42 PM,338437760.0,525000000.0,34.246,149.113,32.095,1.588,29.325,31.604,9.961,7.425,3592570368.0,1651683328.0,3207483648.0,142374560.0,8123183.0,78.738,17.195,36.483,39.86,25.265,73.393,88.126,0.0,0.0,2.493,11334086.0,806716480.0,0.405,12.562,68.052,3.124,97.507,1803527936.0,74610548736.0,26279227392.0,80699015168.0,7981812736.0,0.354,1.792,0.947,33.426,4.004,11304910.0,37.934,0.364,1.003,22457794.0,259.424,0.195,99.794,0.001,0.015,Quest-Pro,Phasmophobia,Jenga,False,False,0.2
12/9/2023 6:56:43 PM,339564256.0,525000000.0,34.863,139.192,2.259,1.63,30.067,31.56,9.999,8.443,3390439680.0,1548608384.0,3040288768.0,137711776.0,1371874.5,79.752,18.138,35.991,39.315,24.746,74.437,88.124,0.0,0.0,2.483,10789712.0,774937728.0,0.4,12.763,68.741,3.081,97.517,1748471040.0,71171391488.0,25337511936.0,76624396288.0,7521683456.0,0.349,1.776,0.933,32.956,3.895,10748641.0,36.064,0.425,1.004,21380232.0,256.999,0.181,99.831,0.001,0.0,Quest-Pro,Phasmophobia,Jenga,False,False,0.2
12/9/2023 6:56:44 PM,341873760.0,525000000.0,34.09,159.206,7.985,1.61,29.215,31.637,9.755,7.506,3469534464.0,1587865984.0,3104114176.0,139061872.0,2532010.25,78.915,17.192,36.494,39.872,25.134,73.592,88.012,0.0,0.0,2.47,10922250.0,782297984.0,0.403,12.732,68.514,3.111,97.53,1762228608.0,72668471296.0,25686446080.0,78623072256.0,7670488576.0,0.355,1.799,0.917,33.372,3.938,10904777.0,37.314,0.401,1.002,21651452.0,260.21,0.175,99.815,0.001,0.016,Quest-Pro,Phasmophobia,Jenga,False,False,0.2
12/9/2023 6:56:45 PM,339060288.0,525000000.0,33.743,148.862,3.688,1.632,29.632,31.642,9.882,7.398,3371892736.0,1558391296.0,3021515520.0,139626064.0,1393510.5,79.653,16.979,36.429,39.922,25.105,74.364,88.302,0.0,0.0,2.473,10820786.0,779347968.0,0.402,12.904,68.941,3.083,97.527,1767628032.0,71997104128.0,25595561984.0,77643898880.0,7579592192.0,0.351,1.783,0.915,32.865,3.867,10791857.0,35.854,0.423,1.003,21470668.0,257.917,0.178,99.833,0.001,0.0,Quest-Pro,Phasmophobia,Jenga,False,False,0.2
12/9/2023 6:56:46 PM,342266912.0,525000000.0,32.345,208.928,28.692,1.623,28.734,31.618,10.025,7.203,3387308544.0,1532527616.0,3001242624.0,140129888.0,11606389.0,76.776,16.726,36.402,39.8,25.572,71.572,88.062,0.0,0.0,2.546,11317451.0,803690048.0,0.405,12.382,67.89,3.123,97.454,1732465792.0,72822521856.0,25240881152.0,79239741440.0,7961763840.0,0.357,1.8,0.955,33.788,4.148,11278978.0,38.165,0.394,1.003,22419000.0,250.652,0.178,99.818,0.001,0.006,Quest-Pro,Phasmophobia,Jenga,False,False,0.2
12/9/2023 6:56:47 PM,351807808.0,525000000.0,32.079,243.835,19.602,1.627,28.042,31.661,9.538,6.656,3480318464.0,1601780864.0,3096549888.0,144335376.0,9425688.0,77.339,16.159,36.75,40.15,25.085,72.255,88.378,0.0,0.0,2.399,10863021.0,789835072.0,0.412,13.287,69.607,3.102,97.601,1863798272.0,75223629824.0,26912860160.0,81019650048.0,7800947712.0,0.349,1.773,0.888,32.758,3.79,10843156.0,35.234,0.447,1.002,21541086.0,267.952,0.171,99.834,0.002,0.0,Quest-Pro,Phasmophobia,Jenga,False,False,0.2
12/9/2023 6:56:48 PM,340584576.0,525000000.0,33.739,253.501,164.043,1.525,28.863,31.538,9.982,8.007,3356064256.0,1548996096.0,3007685120.0,135283648.0,1576598.375,77.563,17.52,36.209,39.545,24.905,72.39,88.329,0.0,0.0,2.446,10525428.0,757444864.0,0.408,12.853,68.859,3.104,97.554,1748771584.0,71029825536.0,25264816128.0,76504596480.0,7512715264.0,0.349,1.772,0.933,32.966,3.899,10508310.0,36.446,0.445,1.002,20857172.0,264.314,0.229,99.757,0.002,0.02,Quest-Pro,Phasmophobia,Jenga,False,False,0.2
12/9/2023 6:56:49 PM,354579776.0,525000000.0,31.331,273.169,77.675,1.569,28.213,31.654,9.176,6.942,3410057728.0,1544316160.0,3017368320.0,145945552.0,12825390.0,76.438,16.026,36.739,40.178,25.611,71.284,88.449,0.0,0.0,2.467,11223468.0,809655168.0,0.413,13.004,69.024,3.116,97.533,1798560000.0,75776262144.0,26301315072.0,82758172672.0,8095858176.0,0.359,1.818,0.898,33.936,4.059,11192406.0,36.215,0.408,1.003,22228122.0,254.309,0.217,99.774,0.002,0.014,Quest-Pro,Phasmophobia,Jenga,False,False,0.2
12/9/2023 6:56:50 PM,345943936.0,525000000.0,32.381,244.029,12.803,1.637,27.942,31.585,9.895,6.524,3443579392.0,1526851584.0,3062005760.0,141532720.0,7184224.0,77.171,15.908,37.308,40.8,26.408,71.755,88.108,0.0,0.0,2.564,11370284.0,808045440.0,0.411,12.448,67.937,3.129,97.436,1738158592.0,73805660160.0,25364985856.0,80551845888.0,8164745728.0,0.36,1.807,0.973,34.048,4.235,11350911.0,37.982,0.405,1.002,22519318.0,249.159,0.177,99.81,0.002,0.019,Quest-Pro,Phasmophobia,Jenga,False,False,0.2
12/9/2023 6:56:51 PM,349045536.0,525000000.0,31.873,253.062,32.307,1.631,27.387,31.684,9.222,6.507,3468711168.0,1576053760.0,3084238080.0,145882224.0,10536910.0,77.187,15.696,37.092,40.541,25.392,72.017,88.561,0.0,0.0,2.402,10966927.0,796147584.0,0.41,13.302,69.507,3.088,97.598,1852223872.0,75390148608.0,26836666368.0,81458921472.0,7824018432.0,0.352,1.788,0.88,32.988,3.82,10950771.0,35.068,0.452,1.001,21750618.0,263.209,0.147,99.875,0.002,0.0,Quest-Pro,Phasmophobia,Jenga,False,False,0.2
12/9/2023 6:56:52 PM,341097216.0,525000000.0,33.366,183.569,13.759,1.642,28.315,31.557,9.85,6.657,3376997120.0,1544123008.0,3023631104.0,137377776.0,3689630.5,78.395,16.031,37.032,40.454,25.471,73.055,88.222,0.0,0.0,2.493,10763592.0,773242816.0,0.4,12.763,68.757,3.082,97.507,1741222272.0,70950469632.0,25243799552.0,76406980608.0,7503178752.0,0.35,1.78,0.935,32.982,3.9,10724179.0,36.089,0.429,1.004,21332134.0,256.613,0.156,99.856,0.001,0.0,Quest-Pro,Phasmophobia,Jenga,False,False,0.2
12/9/2023 6:56:53 PM,330660224.0,525000000.0,32.49,199.029,14.75,1.626,28.182,31.596,9.585,6.365,3321647616.0,1517075712.0,2963432960.0,135659024.0,5974064.0,77.782,15.941,37.087,40.535,25.784,72.456,88.166,0.0,0.0,2.476,10543767.0,759298944.0,0.41,12.866,68.906,3.108,97.524,1707528832.0,70996000768.0,24856137728.0,77061423104.0,7609155584.0,0.355,1.798,0.927,33.536,4.026,10543021.0,36.346,0.429,1.0,20898048.0,256.806,0.158,99.83,0.001,0.017,Quest-Pro,Phasmophobia,Jenga,False,False,0.2
12/9/2023 6:56:54 PM,347061248.0,525000000.0,32.597,199.126,11.862,1.629,28.322,31.669,9.228,6.084,3506335744.0,1581314304.0,3133618688.0,144054608.0,3728917.5,78.51,15.924,37.17,40.63,25.661,73.17,88.034,0.0,0.0,2.482,11129563.0,799891456.0,0.404,12.943,68.763,3.108,97.518,1778437888.0,74256719872.0,26083491840.0,80697335808.0,7824556032.0,0.359,1.819,0.899,33.744,3.974,11086791.0,36.618,0.418,1.004,22053708.0,255.502,0.171,99.843,0.001,0.0,Quest-Pro,Phasmophobia,Jenga,False,False,0.2
12/9/2023 6:56:55 PM,334023232.0,525000000.0,31.433,193.699,14.813,1.668,28.073,31.572,9.73,6.409,3184415232.0,1390396160.0,2832435200.0,137631984.0,3711390.0,78.262,15.684,37.285,40.756,25.736,72.917,88.294,0.0,0.0,2.517,10651681.0,767892864.0,0.405,12.921,68.992,3.1,97.483,1727596672.0,70777454592.0,25067907072.0,76421218304.0,7498936320.0,0.351,1.787,0.93,33.128,3.926,10607696.0,36.241,0.388,1.004,21109890.0,257.685,0.157,99.865,0.001,0.0,Quest-Pro,Phasmophobia,Jenga,False,False,0.2
12/9/2023 6:56:56 PM,347382368.0,525000000.0,32.075,204.067,10.209,1.697,28.12,31.534,9.749,6.108,3487563520.0,1558719488.0,3108989440.0,145085008.0,2613335.0,78.84,15.775,37.545,41.044,26.222,73.328,88.174,0.0,0.0,2.502,11445943.0,818044672.0,0.416,12.676,68.332,3.138,97.498,1821944832.0,76519006208.0,26675867648.0,83137568768.0,8274349056.0,0.357,1.81,0.955,33.827,4.101,11415332.0,37.625,0.388,1.003,22677604.0,258.113,0.168,99.846,0.001,0.0,Quest-Pro,Phasmophobia,Jenga,False,False,0.2
12/9/2023 6:56:57 PM,338601888.0,525000000.0,31.993,244.81,68.464,1.568,27.844,31.691,9.476,7.042,3245885184.0,1474485248.0,2885280512.0,138913184.0,7071848.0,77.327,16.616,36.699,40.106,25.285,72.105,88.259,0.0,0.0,2.476,10696246.0,771555840.0,0.403,12.987,69.049,3.085,97.524,1741851008.0,71188340736.0,25236895744.0,76899106816.0,7501890560.0,0.353,1.785,0.912,33.068,3.895,10665870.0,35.798,0.456,1.003,21223642.0,256.869,0.154,99.869,0.002,0.0,Quest-Pro,Phasmophobia,Jenga,False,False,0.2
12/9/2023 6:56:58 PM,350876352.0,525000000.0,30.755,268.405,37.841,1.567,27.578,31.682,9.432,6.226,3402784768.0,1521536384.0,3000311808.0,144053440.0,18444002.0,75.42,15.57,37.127,40.608,26.092,70.191,87.825,0.0,0.0,2.53,11378725.0,811430656.0,0.41,12.66,68.18,3.131,97.47,1756660480.0,74805370880.0,25788618752.0,81779466240.0,8127020544.0,0.363,1.826,0.936,34.213,4.17,11349211.0,37.813,0.394,1.003,22545202.0,251.105,0.173,99.825,0.002,0.002,Quest-Pro,Phasmophobia,Jenga,False,False,0.2
12/9/2023 6:56:59 PM,338326976.0,525000000.0,31.623,193.854,16.62,1.651,28.552,31.651,9.391,6.546,3343326208.0,1522538112.0,2973927680.0,143583824.0,4836698.0,78.617,16.388,36.519,39.899,25.017,73.451,88.373,0.0,0.0,2.445,10941234.0,792674240.0,0.404,13.123,69.362,3.086,97.555,1821110016.0,73795895296.0,26294435840.0,79587753984.0,7707583488.0,0.35,1.776,0.895,32.84,3.83,10907503.0,35.542,0.405,1.003,21703098.0,261.601,0.15,99.851,0.001,0.0,Quest-Pro,Phasmophobia,Jenga,False,False,0.2
12/9/2023 6:57:00 PM,345135104.0,525000000.0,33.069,263.84,140.552,1.523,28.418,31.475,10.101,7.744,3414708480.0,1550537216.0,3046667776.0,139072896.0,4968880.0,77.082,17.232,36.431,39.792,25.268,71.947,88.01,0.0,0.0,2.469,10969157.0,784665280.0,0.412,12.679,68.413,3.12,97.531,1786181120.0,73205325824.0,25879091200.0,78873698304.0,7889385984.0,0.35,1.776,0.97,33.107,3.999,10953237.0,37.153,0.409,1.001,21731056.0,261.858,0.175,99.803,0.002,0.03,Quest-Pro,Phasmophobia,Jenga,False,False,0.2
12/9/2023 6:57:01 PM,350303872.0,525000000.0,30.823,253.311,16.343,1.622,27.558,31.635,9.141,6.345,3343859968.0,1539331968.0,2960151040.0,144782640.0,11675102.0,76.792,15.639,36.907,40.344,25.35,71.72,88.465,0.0,0.0,2.4,10845723.0,789070144.0,0.412,13.349,69.649,3.105,97.6,1827440512.0,74896089088.0,26540851200.0,81102323712.0,7804078080.0,0.353,1.797,0.88,33.196,3.861,10816011.0,35.254,0.415,1.003,21492542.0,263.495,0.148,99.871,0.002,0.0,Quest-Pro,Phasmophobia,Jenga,False,False,0.2
12/9/2023 6:57:02 PM,344063616.0,525000000.0,31.533,214.029,21.505,1.625,28.411,31.561,9.861,6.461,3347137024.0,1486000768.0,2963655168.0,141571920.0,7126713.5,77.342,16.175,37.0,40.47,26.207,71.925,87.942,0.0,0.0,2.573,11365567.0,807774656.0,0.411,12.456,67.942,3.13,97.427,1733061888.0,73572204544.0,25283061760.0,80281509888.0,8148387840.0,0.359,1.806,0.972,34.024,4.238,11339266.0,37.976,0.356,1.002,22510524.0,248.706,0.174,99.827,0.001,0.001,Quest-Pro,Phasmophobia,Jenga,False,False,0.2
12/9/2023 6:57:03 PM,345040352.0,525000000.0,31.331,248.864,172.783,1.534,28.593,31.658,9.363,6.751,3383164672.0,1513101568.0,3007214336.0,144683088.0,4941290.0,77.626,16.535,36.67,40.088,25.507,72.452,87.821,0.0,0.0,2.453,11185743.0,804867008.0,0.413,12.935,68.837,3.117,97.547,1788734464.0,75323719680.0,26255509504.0,82033696768.0,8051362816.0,0.36,1.822,0.922,33.95,4.063,11157114.0,36.367,0.423,1.003,22160230.0,254.342,0.171,99.842,0.002,0.0,Quest-Pro,Phasmophobia,Jenga,False,False,0.2
12/9/2023 6:57:04 PM,337945952.0,525000000.0,31.568,243.589,33.429,1.571,27.66,31.638,9.53,6.885,3267361024.0,1470332800.0,2894176256.0,139173856.0,13906028.0,75.971,16.095,36.707,40.137,25.382,70.813,87.904,0.0,0.0,2.494,10797977.0,776340480.0,0.401,12.889,68.814,3.082,97.506,1722504704.0,71029022720.0,25056655360.0,76863938560.0,7540402176.0,0.354,1.794,0.922,33.279,3.952,10759629.0,36.033,0.422,1.004,21402604.0,252.822,0.157,99.893,0.002,0.0,Quest-Pro,Phasmophobia,Jenga,False,False,0.2
12/9/2023 6:57:05 PM,347256320.0,525000000.0,31.354,238.707,23.426,1.605,28.206,31.633,9.703,6.393,3389049856.0,1508611840.0,3000364800.0,142177632.0,10533657.0,76.942,15.848,37.092,40.567,26.209,71.634,87.866,0.0,0.0,2.531,11376710.0,809713856.0,0.412,12.497,68.04,3.133,97.469,1752997888.0,74641866752.0,25652404224.0,81543348224.0,8217792000.0,0.361,1.815,0.961,34.159,4.226,11362000.0,37.771,0.374,1.001,22537878.0,250.203,0.174,99.812,0.002,0.019,Quest-Pro,Phasmophobia,Jenga,False,False,0.2
12/9/2023 6:57:06 PM,351326976.0,525000000.0,31.249,233.461,41.499,1.577,27.706,31.563,9.309,6.603,3385683456.0,1570459008.0,2998882048.0,143957408.0,12755580.0,76.802,15.761,36.832,40.235,25.1,71.839,88.314,0.0,0.0,2.381,10818302.0,786420800.0,0.413,13.307,69.587,3.106,97.619,1847145856.0,75302043648.0,26886258688.0,81242464256.0,7794553344.0,0.351,1.794,0.892,33.104,3.822,10801891.0,35.287,0.429,1.002,21439902.0,266.747,0.147,99.859,0.002,0.0,Quest-Pro,Phasmophobia,Jenga,False,False,0.2
12/9/2023 6:57:07 PM,371121248.0,525000000.0,30.539,278.541,14.119,1.556,27.296,31.721,9.563,6.275,3234251264.0,1483443328.0,2867404032.0,137476448.0,7237613.0,75.057,15.431,36.648,40.051,25.293,69.993,87.952,0.0,0.0,2.471,10562509.0,759656512.0,0.408,13.016,68.813,3.107,97.529,1741758720.0,70977683456.0,24995975168.0,76909879296.0,7526764544.0,0.349,1.77,0.912,32.964,3.91,10526478.0,36.279,0.433,1.003,20891024.0,262.024,0.711,99.29,0.002,0.001,Quest-Pro,Phasmophobia,Jenga,False,False,0.2
12/9/2023 6:57:08 PM,324564352.0,525000000.0,30.181,218.514,19.875,1.51,28.958,31.861,9.107,4.837,3186959104.0,1486022656.0,2843312384.0,129966080.0,9362252.0,76.671,13.235,39.109,43.059,27.066,72.111,88.02,0.0,0.0,2.237,9468916.0,684646080.0,0.467,13.726,69.053,3.252,97.763,1540462848.0,73389105152.0,25154588672.0,81070645248.0,7699191296.0,0.412,2.111,1.017,38.042,4.459,9412143.0,36.053,0.326,1.006,18689880.0,258.448,0.149,99.852,0.001,0.0,Quest-Pro,Phasmophobia,Jenga,False,False,0.2
12/9/2023 6:57:09 PM,316569344.0,525000000.0,32.72,218.42,27.261,1.383,29.59,31.741,9.491,7.091,3172381440.0,1459309696.0,2827254016.0,123782912.0,10479070.0,76.162,14.826,38.626,42.134,26.672,71.747,88.08,0.0,0.0,2.287,9220277.0,661780352.0,0.466,13.425,68.516,3.259,97.713,1490698240.0,70663430144.0,24239079424.0,77850345472.0,7499174400.0,0.408,2.068,1.052,38.326,4.55,9178648.0,36.973,0.362,1.005,18191328.0,260.044,0.157,99.861,0.002,0.0,Quest-Pro,Phasmophobia,Jenga,False,False,0.2
12/9/2023 6:57:10 PM,331345632.0,525000000.0,32.825,248.65,33.379,1.429,29.134,31.697,9.658,7.035,3423069952.0,1563736832.0,3039634688.0,132516816.0,16172014.0,75.754,14.458,39.134,42.709,27.389,71.083,88.092,0.0,0.0,2.341,10142310.0,721530560.0,0.468,13.066,67.861,3.28,97.659,1585415424.0,76406743040.0,25818384384.0,84559134720.0,8308796928.0,0.411,2.075,1.082,38.775,4.731,10107827.0,38.303,0.342,1.003,20009434.0,256.414,0.169,99.823,0.002,0.012,Quest-Pro,Phasmophobia,Jenga,False,False,0.2
