CPU Level,GPU Level,CPU Frequency (MHz),GPU Frequency (MHz),FPS,Prd,Tear,Early,Stale,Stale2/5/10/max,VSnc,Lat,Fov,OC,TA,SP,Mem,Free,PLS,Temp,TW,App,GD,CPU&GPU,LCnt,GPU%,CPU%,DSF,CFL,ICFLp95,LD,SF,LP,DVFS,timestamp,experiment,device,repetition
3,4,1382,525,70,0ms,0,0,11,1/0/1/41,1,0,0,FF,0/70/0,N/F/N,1804MHz,7890,0,30.7C/0.0C,4.27ms,2.09ms,0.26ms,14.24ms,3(DR0,0.51,0.03(W0.05),1.00,19.20/24.59,22.62,1,1.21,0,0,16:49:43.100,30,Quest-Pro,replay1.2
3,4,1382,525,72,0ms,0,0,4,0/0/0/0,1,0,0,FF,0/70/0,N/F/N,1804MHz,7890,0,30.7C/0.0C,4.27ms,2.57ms,0.26ms,13.88ms,3(DR0,0.51,0.14(W0.22),1.00,19.45/24.32,22.65,1,1.21,0,0,16:49:44.100,30,Quest-Pro,replay1.2
3,4,1382,525,70,0ms,0,0,5,0/1/0/7,1,0,0,FF,0/70/0,N/F/N,1804MHz,7890,0,30.7C/0.0C,4.27ms,2.21ms,0.26ms,13.86ms,3(DR0,0.51,0.13(W0.22),1.00,19.26/23.19,22.20,1,1.21,0,0,16:49:45.100,30,Quest-Pro,replay1.2
3,4,1382,525,69,0ms,0,0,11,1/1/0/9,1,0,0,FF,0/70/0,N/F/N,1804MHz,7890,0,30.7C/0.0C,4.28ms,2.15ms,0.26ms,14.01ms,3(DR0,0.51,0.10(W0.19),1.00,19.07/23.97,22.35,1,1.21,0,0,16:49:46.100,30,Quest-Pro,replay1.2
3,4,1382,525,68,0ms,0,0,14,0/2/0/8,1,0,0,FF,0/70/0,N/F/N,1804MHz,7890,0,30.7C/0.0C,4.29ms,2.34ms,0.25ms,14.73ms,3(DR0,0.49,0.02(W0.05),1.00,19.06/24.63,22.33,1,1.21,0,0,16:49:47.100,30,Quest-Pro,replay1.2
3,4,1382,525,69,0ms,0,0,12,1/0/1/10,1,0,0,FF,0/70/0,N/F/N,1804MHz,7890,0,30.7C/0.0C,4.28ms,2.93ms,0.25ms,14.61ms,3(DR0,0.50,0.05(W0.10),1.00,19.15/24.54,23.35,1,1.21,0,0,16:49:48.101,30,Quest-Pro,replay1.2
3,4,1382,525,71,0ms,0,0,3,1/0/0/2,1,0,0,FF,0/70/0,N/F/N,1804MHz,7890,0,30.7C/0.0C,4.27ms,1.92ms,0.25ms,13.83ms,3(DR0,0.51,0.19(W0.25),1.00,19.96/24.05,23.07,1,1.21,0,0,16:49:49.101,30,Quest-Pro,replay1.2
3,4,1382,525,66,0ms,0,0,3,1/0/0/2,1,0,0,FF,0/70/0,N/F/N,1804MHz,7890,0,30.7C/0.0C,4.29ms,3.12ms,0.25ms,14.95ms,3(DR0,0.52,0.07(W0.10),1.00,19.96/24.05,23.07,1,1.21,0,0,16:49:50.101,30,Quest-Pro,replay1.2
3,4,1382,525,72,0ms,0,0,17,2/0/1/12,1,0,0,FF,0/70/0,N/F/N,1804MHz,7890,0,30.7C/0.0C,4.27ms,1.57ms,0.26ms,13.87ms,3(DR0,0.50,0.13(W0.17),1.00,19.82/25.41,24.17,1,1.21,0,0,16:49:51.101,30,Quest-Pro,replay1.2
3,4,1382,525,46,0ms,0,0,0,0/0/0/0,1,0,0,FF,0/70/0,N/F/N,1804MHz,7890,0,30.7C/0.0C,4.33ms,4.27ms,0.25ms,18.94ms,3(DR0,0.52,0.07(W0.10),1.00,19.83/24.42,23.03,1,1.21,0,0,16:49:52.101,30,Quest-Pro,replay1.2
3,4,1382,525,72,0ms,0,0,37,0/0/1/37,1,0,0,FF,0/70/0,N/F/N,1804MHz,7890,0,30.7C/0.0C,4.26ms,-0.39ms,0.26ms,13.86ms,3(DR0,0.51,0.11(W0.18),1.00,19.59/23.54,22.27,1,1.21,0,0,16:49:53.101,30,Quest-Pro,replay1.2
3,4,1382,525,49,0ms,0,0,0,0/0/0/0,1,0,0,FF,0/70/0,N/F/N,1804MHz,7900,0,30.7C/0.0C,4.26ms,46.05ms,0.26ms,18.35ms,3(DR0,0.51,0.10(W0.10),1.00,19.31/23.99,22.30,1,1.21,0,0,16:49:54.108,30,Quest-Pro,replay1.2
3,4,1382,525,69,0ms,0,0,38,0/0/0/0,1,0,0,FF,0/70/0,N/F/N,1804MHz,7900,0,30.7C/0.0C,4.27ms,0.00ms,0.26ms,13.86ms,3(DR0,0.50,0.05(W0.11),1.00,18.97/23.43,22.22,1,1.21,0,0,16:49:55.101,30,Quest-Pro,replay1.2
3,4,1382,525,69,0ms,0,0,2,0/0/1/40,1,0,0,FF,0/70/0,N/F/N,1804MHz,7900,0,30.7C/0.0C,4.28ms,3.66ms,0.26ms,13.86ms,3(DR0,0.50,0.03(W0.05),1.00,18.90/23.15,22.13,1,1.21,0,0,16:49:56.101,30,Quest-Pro,replay1.2
3,4,1382,525,70,0ms,0,0,8,0/1/0/8,1,0,0,FF,0/70/0,N/F/N,1804MHz,7900,0,30.7C/0.0C,4.14ms,2.21ms,0.26ms,14.36ms,3(DR0,0.46,0.14(W0.18),1.00,18.86/23.02,21.88,1,1.21,0,0,16:49:57.101,30,Quest-Pro,replay1.2
3,4,1382,525,64,0ms,0,0,21,1/1/0/6,1,0,0,FF,0/70/0,N/F/N,1804MHz,7900,0,30.7C/0.0C,4.36ms,1.55ms,0.26ms,19.55ms,3(DR0,0.51,0.13(W0.14),1.00,18.76/23.19,21.78,1,1.21,0,0,16:49:58.101,30,Quest-Pro,replay1.2
3,4,1382,525,69,0ms,0,0,38,0/0/1/48,1,0,0,FF,0/70/0,N/F/N,1804MHz,7900,0,30.7C/0.0C,4.34ms,3.05ms,0.25ms,13.96ms,3(DR0,0.52,0.08(W0.10),1.00,19.62/23.90,22.40,1,1.21,0,0,16:49:59.101,30,Quest-Pro,replay1.2
3,4,1382,525,70,0ms,0,0,12,2/1/0/7,1,0,0,FF,0/70/0,N/F/N,1804MHz,7900,0,30.7C/0.0C,4.37ms,2.15ms,0.26ms,14.49ms,3(DR0,0.52,0.08(W0.14),1.00,19.60/25.98,24.61,1,1.21,0,0,16:50:00.101,30,Quest-Pro,replay1.2
3,4,1382,525,71,0ms,0,0,5,1/0/0/4,1,0,0,FF,0/70/0,N/F/N,1804MHz,7900,0,30.7C/0.0C,4.31ms,14.96ms,0.25ms,13.81ms,3(DR0,0.52,0.08(W0.18),1.00,20.21/25.08,23.87,1,1.21,0,0,16:50:01.101,30,Quest-Pro,replay1.2
3,4,1382,525,48,0ms,0,0,36,0/0/0/0,1,0,0,FF,0/70/0,N/F/N,1804MHz,7900,0,30.7C/0.0C,4.35ms,-0.04ms,0.27ms,18.42ms,3(DR0,0.52,0.17(W0.28),1.00,19.67/23.69,22.49,1,1.21,0,0,16:50:02.101,30,Quest-Pro,replay1.2
3,4,1382,525,72,0ms,0,0,1,0/0/1/37,1,0,0,FF,0/70/0,N/N/N,1804MHz,7900,0,30.7C/0.0C,4.39ms,2.55ms,0.26ms,13.86ms,3(DR0,0.50,0.13(W0.15),1.00,20.06/23.60,22.29,1,1.21,0,0,16:50:03.101,30,Quest-Pro,replay1.2
3,4,1382,525,52,0ms,0,0,8,0/0/0/0,1,0,0,FF,0/70/0,N/F/N,1804MHz,7900,0,30.7C/0.0C,4.53ms,0.30ms,0.26ms,19.19ms,3(DR0,0.52,0.07(W0.15),1.00,19.55/22.94,21.93,1,1.21,0,0,16:50:04.102,30,Quest-Pro,replay1.2
3,4,1382,525,71,0ms,0,0,35,1/0/1/40,1,0,0,FF,0/70/0,N/F/N,1804MHz,7900,0,30.5C/0.0C,4.32ms,2.04ms,0.26ms,14.29ms,3(DR0,0.51,0.17(W0.23),1.00,19.22/23.51,22.22,1,1.21,0,0,16:50:05.102,30,Quest-Pro,replay1.2
3,4,1382,525,72,0ms,0,0,0,0/0/0/0,1,0,0,FF,0/70/0,N/F/N,1804MHz,7900,0,30.5C/0.0C,4.01ms,1.87ms,0.26ms,14.65ms,3(DR0,0.48,0.08(W0.10),1.00,19.81/24.57,22.93,1,1.21,0,0,16:50:06.102,30,Quest-Pro,replay1.2
3,4,1382,525,72,0ms,0,0,13,2/1/0/7,1,0,0,FF,0/70/0,N/F/N,1804MHz,7900,0,30.5C/0.0C,3.87ms,2.22ms,0.26ms,14.02ms,3(DR0,0.48,0.14(W0.18),1.00,19.65/24.01,22.84,1,1.21,0,0,16:50:07.102,30,Quest-Pro,replay1.2
3,4,1382,525,72,0ms,0,0,0,0/0/0/0,1,0,0,FF,0/70/0,N/F/N,1804MHz,7900,0,30.5C/0.0C,3.99ms,2.08ms,0.26ms,13.87ms,3(DR0,0.49,0.08(W0.14),1.00,19.73/24.32,23.45,1,1.21,0,0,16:50:08.102,30,Quest-Pro,replay1.2
3,4,1382,525,72,0ms,0,0,0,0/0/0/0,1,0,0,FF,0/70/0,N/F/N,1804MHz,7900,0,30.5C/0.0C,4.06ms,2.02ms,0.26ms,13.86ms,3(DR0,0.49,0.12(W0.22),1.00,19.31/24.68,22.69,1,1.21,0,0,16:50:09.102,30,Quest-Pro,replay1.2
3,4,1382,525,64,0ms,0,0,0,0/0/0/0,1,0,0,FF,0/70/0,N/F/N,1804MHz,7900,0,30.5C/0.0C,4.14ms,2.94ms,0.26ms,19.98ms,3(DR0,0.48,0.12(W0.18),1.00,19.27/24.32,22.57,1,1.21,0,0,16:50:10.102,30,Quest-Pro,replay1.2
3,4,1382,525,70,0ms,0,0,47,1/0/1/44,1,0,0,FF,0/70/0,N/F/N,1804MHz,7900,0,30.5C/0.0C,3.97ms,1.94ms,0.26ms,14.22ms,3(DR0,0.48,0.14(W0.19),1.00,19.37/26.64,26.75,1,1.21,0,0,16:50:11.102,30,Quest-Pro,replay1.2
3,4,1382,525,72,0ms,0,0,0,0/0/0/0,1,0,0,FF,0/70/0,N/F/N,1804MHz,7900,0,30.5C/0.0C,3.99ms,2.11ms,0.26ms,13.87ms,3(DR0,0.47,0.13(W0.23),1.00,20.57/26.84,24.62,1,1.21,0,0,16:50:12.102,30,Quest-Pro,replay1.2
3,4,1382,525,45,0ms,0,0,0,0/0/0/0,1,0,0,FF,0/70/0,N/F/N,1804MHz,7900,0,30.5C/0.0C,4.34ms,-0.62ms,0.26ms,19.06ms,3(DR0,0.50,0.20(W0.26),1.00,19.67/23.78,22.76,1,1.21,0,0,16:50:13.102,30,Quest-Pro,replay1.2
3,4,1382,525,72,0ms,0,0,39,0/0/1/39,1,0,0,FF,0/70/0,N/F/N,1804MHz,7895,0,30.5C/0.0C,4.12ms,2.18ms,0.26ms,13.86ms,3(DR0,0.49,0.14(W0.23),1.00,19.40/23.52,22.34,1,1.21,0,0,16:50:14.109,30,Quest-Pro,replay1.2
3,4,1382,525,72,0ms,0,0,0,0/0/0/0,1,0,0,FF,0/70/0,N/F/N,1804MHz,7895,0,30.7C/0.0C,4.03ms,2.13ms,0.26ms,13.86ms,3(DR0,0.49,0.13(W0.18),1.00,19.09/22.97,21.91,1,1.21,0,0,16:50:15.102,30,Quest-Pro,replay1.2
3,4,1382,525,56,0ms,0,0,0,0/0/0/0,1,0,0,FF,0/70/0,N/F/N,1804MHz,7895,0,30.7C/0.0C,4.17ms,40.79ms,0.26ms,21.20ms,3(DR0,0.45,0.02(W0.05),1.00,18.85/22.73,21.63,1,1.21,0,0,16:50:16.102,30,Quest-Pro,replay1.2
3,4,1382,525,56,0ms,0,0,0,0/0/0/0,1,0,0,FF,0/70/0,N/N/N,1804MHz,7895,0,30.7C/0.0C,4.17ms,40.79ms,0.26ms,21.20ms,3(DR0,0.45,0.02(W0.05),1.00,18.85/22.73,21.63,1,1.21,0,0,16:50:17.102,30,Quest-Pro,replay1.2
3,4,1382,525,70,0ms,0,0,18,0/0/1/53,1,0,0,FF,0/70/0,N/F/N,1804MHz,7895,0,30.7C/0.0C,4.24ms,2.00ms,0.25ms,14.08ms,3(DR0,0.50,0.20(W0.23),1.00,18.78/23.87,22.44,1,1.21,0,0,16:50:18.102,30,Quest-Pro,replay1.2
3,4,1382,525,47,0ms,0,0,24,0/0/1/36,1,0,0,FF,0/70/0,N/F/N,1804MHz,7895,0,30.7C/0.0C,4.26ms,-0.29ms,0.26ms,19.07ms,3(DR0,0.51,0.14(W0.20),1.00,19.17/24.29,22.44,1,1.21,0,0,16:50:19.103,30,Quest-Pro,replay1.2
3,4,1382,525,73,0ms,0,0,0,0/0/0/0,1,0,0,FF,0/70/0,N/F/N,1804MHz,7895,0,30.7C/0.0C,4.18ms,2.15ms,0.26ms,13.86ms,3(DR0,0.49,0.21(W0.23),1.00,18.97/23.45,22.01,1,1.21,0,0,16:50:20.103,30,Quest-Pro,replay1.2
3,4,1382,525,68,0ms,0,0,20,2/2/0/8,1,0,0,FF,0/70/0,N/N/N,2092MHz,7895,0,30.7C/0.0C,4.26ms,1.84ms,0.26ms,14.81ms,3(DR0,0.50,0.13(W0.23),1.00,19.05/23.11,22.03,1,1.21,0,0,16:50:21.103,30,Quest-Pro,replay1.2
3,4,1382,525,69,0ms,0,0,12,0/1/0/5,1,0,0,FF,0/70/0,N/F/N,2092MHz,7895,0,30.7C/0.0C,4.21ms,4.16ms,0.25ms,14.29ms,3(DR0,0.50,0.16(W0.26),1.00,18.64/22.63,21.82,1,1.21,0,0,16:50:22.103,30,Quest-Pro,replay1.2
3,4,1382,525,47,0ms,0,0,37,0/0/1/43,1,0,0,FF,0/70/0,N/F/N,2092MHz,7895,0,30.7C/0.0C,4.20ms,-0.27ms,0.26ms,18.64ms,3(DR0,0.50,0.21(W0.26),1.00,18.73/22.60,21.67,1,1.21,0,0,16:50:23.103,30,Quest-Pro,replay1.2
3,4,1382,525,64,0ms,0,0,16,2/0/1/11,1,0,0,FF,0/70/0,N/F/N,2092MHz,7895,0,30.7C/0.0C,4.22ms,1.56ms,0.26ms,15.54ms,3(DR0,0.50,0.10(W0.11),1.00,19.14/22.91,21.75,1,1.21,0,0,16:50:24.103,30,Quest-Pro,replay1.2
3,4,1382,525,72,0ms,0,0,0,0/0/0/0,1,0,0,FF,0/70/0,N/F/N,2092MHz,7895,0,30.5C/0.0C,4.24ms,2.06ms,0.26ms,13.86ms,3(DR0,0.50,0.13(W0.19),1.00,19.05/22.63,21.52,1,1.21,0,0,16:50:25.103,30,Quest-Pro,replay1.2
3,4,1382,525,68,0ms,0,0,11,1/1/0/9,1,0,0,FF,0/70/0,N/F/N,2092MHz,7895,0,30.5C/0.0C,4.24ms,15.53ms,0.26ms,14.71ms,3(DR0,0.51,0.09(W0.17),1.00,18.95/22.78,21.47,1,1.21,0,0,16:50:26.103,30,Quest-Pro,replay1.2
3,4,1382,525,50,0ms,0,0,41,0/0/1/41,1,0,0,FF,0/70/0,N/F/N,2092MHz,7895,0,30.5C/0.0C,4.21ms,0.10ms,0.26ms,17.83ms,3(DR0,0.44,0.11(W0.14),1.00,18.91/23.33,21.89,1,1.21,0,0,16:50:27.103,30,Quest-Pro,replay1.2
3,4,1382,525,55,0ms,0,0,26,0/0/0/0,1,0,0,FF,0/70/0,N/F/N,2092MHz,7895,0,30.5C/0.0C,4.18ms,0.73ms,0.26ms,18.76ms,3(DR0,0.49,0.19(W0.24),1.00,19.75/24.12,22.54,1,1.21,0,0,16:50:28.103,30,Quest-Pro,replay1.2
3,4,1382,525,71,0ms,0,0,11,0/0/1/37,1,0,0,FF,0/70/0,N/F/N,2092MHz,7895,0,30.5C/0.0C,4.20ms,2.05ms,0.26ms,14.07ms,3(DR0,0.50,0.13(W0.24),1.00,19.45/23.41,22.09,1,1.21,0,0,16:50:29.103,30,Quest-Pro,replay1.2
3,4,1382,525,71,0ms,0,0,2,0/0/0/0,1,0,0,FF,0/70/0,N/F/N,2092MHz,7895,0,30.5C/0.0C,4.34ms,2.98ms,0.26ms,14.38ms,3(DR0,0.52,0.02(W0.05),1.00,19.15/23.23,21.81,1,1.21,0,0,16:50:30.103,30,Quest-Pro,replay1.2
3,4,1382,525,44,0ms,0,0,52,1/0/1/50,1,0,0,FF,0/70/0,N/F/N,2092MHz,7895,0,30.5C/0.0C,4.25ms,-0.72ms,0.26ms,19.65ms,3(DR0,0.51,0.11(W0.18),1.00,18.84/24.49,22.73,1,1.21,0,0,16:50:31.103,30,Quest-Pro,replay1.2
3,4,1382,525,72,0ms,0,0,0,0/0/0/0,1,0,0,FF,0/70/0,N/F/N,2092MHz,7895,0,30.5C/0.0C,4.25ms,2.18ms,0.26ms,13.87ms,3(DR0,0.45,0.04(W0.13),1.00,19.77/25.05,23.23,1,1.21,0,0,16:50:32.103,30,Quest-Pro,replay1.2
3,4,1382,525,49,0ms,0,0,36,0/0/0/0,1,0,0,FF,0/70/0,N/F/N,2092MHz,7895,0,30.5C/0.0C,4.30ms,0.26ms,0.26ms,18.44ms,3(DR0,0.52,0.19(W0.25),1.00,19.43/23.49,22.24,1,1.21,0,0,16:50:33.103,30,Quest-Pro,replay1.2
3,4,1382,525,73,0ms,0,0,5,1/0/1/39,1,0,0,FF,0/70/0,N/F/N,2092MHz,7890,0,30.5C/0.0C,4.22ms,2.45ms,0.26ms,13.81ms,3(DR0,0.46,0.05(W0.14),1.00,19.54/25.96,24.74,1,1.21,0,0,16:50:34.111,30,Quest-Pro,replay1.2
3,4,1382,525,47,0ms,0,0,35,0/0/0/0,1,0,0,FF,0/70/0,N/F/N,2092MHz,7890,0,30.5C/0.0C,4.23ms,-0.11ms,0.26ms,18.64ms,3(DR0,0.51,0.03(W0.10),1.00,21.09/25.41,23.88,1,1.21,0,0,16:50:35.104,30,Quest-Pro,replay1.2
3,4,1382,525,72,0ms,0,0,3,0/0/1/38,1,0,0,FF,0/70/0,N/F/N,2092MHz,7890,0,30.7C/0.0C,4.22ms,2.20ms,0.26ms,13.86ms,3(DR0,0.45,0.16(W0.19),1.00,19.84/24.81,22.95,1,1.21,0,0,16:50:36.104,30,Quest-Pro,replay1.2
3,4,1382,525,47,0ms,0,0,37,0/0/0/0,1,0,0,FF,0/70/0,N/F/N,2092MHz,7890,0,30.7C/0.0C,4.31ms,-0.22ms,0.25ms,18.47ms,3(DR0,0.52,0.15(W0.24),1.00,19.67/23.71,22.14,1,1.21,0,0,16:50:37.104,30,Quest-Pro,replay1.2
3,4,1382,525,72,0ms,0,0,0,0/0/1/37,1,0,0,FF,0/70/0,N/F/N,2092MHz,7890,0,30.7C/0.0C,4.20ms,4.07ms,0.25ms,13.86ms,3(DR0,0.50,0.17(W0.23),1.00,19.08/23.05,21.70,1,1.21,0,0,16:50:38.104,30,Quest-Pro,replay1.2
3,4,1382,525,68,0ms,0,0,13,2/1/0/6,1,0,0,FF,0/70/0,N/F/N,2092MHz,7890,0,30.7C/0.0C,4.21ms,3.36ms,0.26ms,14.76ms,3(DR0,0.51,0.17(W0.20),1.00,19.64/25.14,24.32,1,1.21,0,0,16:50:39.104,30,Quest-Pro,replay1.2
3,4,1382,525,47,0ms,0,0,41,0/0/1/41,1,0,0,FF,0/70/0,N/F/N,2092MHz,7890,0,30.7C/0.0C,4.40ms,-0.31ms,0.26ms,18.25ms,3(DR0,0.51,0.13(W0.18),1.00,20.21/24.58,23.51,1,1.21,0,0,16:50:40.104,30,Quest-Pro,replay1.2
3,4,1382,525,68,0ms,0,0,8,1/1/0/6,1,0,0,FF,0/70/0,N/F/N,2092MHz,7890,0,30.7C/0.0C,4.18ms,1.85ms,0.26ms,14.61ms,3(DR0,0.50,0.12(W0.14),1.00,19.56/23.49,22.55,1,1.21,0,0,16:50:41.104,30,Quest-Pro,replay1.2
3,4,1382,525,71,0ms,0,0,10,2/1/0/5,1,0,0,FF,0/70/0,N/F/N,2092MHz,7890,0,30.7C/0.0C,4.24ms,2.20ms,0.26ms,14.28ms,3(DR0,0.45,0.15(W0.23),1.00,19.30/23.43,22.02,1,1.21,0,0,16:50:42.104,30,Quest-Pro,replay1.2
3,4,1382,525,48,0ms,0,0,35,1/0/0/2,1,0,0,FF,0/70/0,N/F/N,2092MHz,7890,0,30.7C/0.0C,4.28ms,0.06ms,0.26ms,18.56ms,3(DR0,0.52,0.15(W0.23),1.00,19.53/23.62,22.19,1,1.21,0,0,16:50:43.104,30,Quest-Pro,replay1.2
3,4,1382,525,73,0ms,0,0,7,2/0/1/35,1,0,0,FF,0/70/0,N/F/N,2092MHz,7890,0,30.7C/0.0C,4.23ms,3.28ms,0.25ms,13.81ms,3(DR0,0.51,0.16(W0.19),1.00,19.31/26.31,25.37,1,1.21,0,0,16:50:44.104,30,Quest-Pro,replay1.2
3,4,1382,525,70,0ms,0,0,6,0/1/0/5,1,0,0,FF,0/70/0,N/N/N,2092MHz,7890,0,30.7C/0.0C,4.20ms,2.27ms,0.26ms,14.31ms,3(DR0,0.45,0.07(W0.14),1.00,20.59/25.85,24.20,1,1.21,0,0,16:50:45.104,30,Quest-Pro,replay1.2
3,4,1382,525,49,0ms,0,0,23,0/0/0/0,1,0,0,FF,0/70/0,N/F/N,2092MHz,7890,0,30.7C/0.0C,4.27ms,0.12ms,0.26ms,18.81ms,3(DR0,0.51,0.14(W0.22),1.00,19.96/24.26,23.10,1,1.21,0,0,16:50:46.104,30,Quest-Pro,replay1.2
3,4,1382,525,69,0ms,0,0,18,0/0/1/41,1,0,0,FF,0/70/0,N/N/N,2092MHz,7890,0,30.7C/0.0C,4.27ms,2.09ms,0.26ms,14.25ms,3(DR0,0.51,0.18(W0.30),1.00,19.67/23.93,22.39,1,1.21,0,0,16:50:47.104,30,Quest-Pro,replay1.2
3,4,1382,525,49,0ms,0,0,19,0/0/0/0,1,0,0,FF,0/70/0,N/F/N,2092MHz,7890,0,30.7C/0.0C,4.29ms,0.16ms,0.26ms,18.94ms,3(DR0,0.51,0.09(W0.15),1.00,19.21/23.09,21.99,1,1.21,0,0,16:50:48.104,30,Quest-Pro,replay1.2
3,4,1382,525,71,0ms,0,0,18,0/0/1/37,1,0,0,FF,0/70/0,N/F/N,2092MHz,7890,0,30.7C/0.0C,4.26ms,2.20ms,0.26ms,14.17ms,3(DR0,0.51,0.12(W0.14),1.00,19.27/23.56,22.03,1,1.21,0,0,16:50:49.105,30,Quest-Pro,replay1.2
3,4,1382,525,69,0ms,0,0,11,1/1/0/6,1,0,0,FF,0/70/0,N/F/N,2092MHz,7890,0,30.7C/0.0C,4.16ms,1.94ms,0.25ms,14.26ms,3(DR0,0.50,0.09(W0.11),1.00,19.24/25.00,23.17,1,1.21,0,0,16:50:50.105,30,Quest-Pro,replay1.2
3,4,1382,525,62,0ms,0,0,12,0/1/0/6,1,0,0,FF,0/70/0,N/F/N,2092MHz,7890,0,30.7C/0.0C,4.19ms,3.15ms,0.25ms,14.15ms,3(DR0,0.51,0.09(W0.15),1.00,19.81/24.28,23.20,1,1.21,0,0,16:50:51.105,30,Quest-Pro,replay1.2
3,4,1382,525,70,0ms,0,0,39,0/0/1/44,1,0,0,FF,0/70/0,N/F/N,2092MHz,7890,0,30.7C/0.0C,4.35ms,2.05ms,0.25ms,13.83ms,3(DR0,0.51,0.14(W0.19),1.00,19.57/23.88,22.58,1,1.21,0,0,16:50:52.105,30,Quest-Pro,replay1.2
3,4,1382,525,70,0ms,0,0,0,0/0/0/0,1,0,0,FF,0/70/0,N/F/N,2092MHz,7890,0,30.7C/0.0C,4.28ms,2.15ms,0.26ms,14.29ms,3(DR0,0.51,0.10(W0.15),1.00,19.35/23.31,22.16,1,1.21,0,0,16:50:53.105,30,Quest-Pro,replay1.2
3,4,1382,525,57,0ms,0,0,7,2/0/0/2,1,0,0,FF,0/70/0,N/F/N,2092MHz,7892,0,31.0C/0.0C,4.23ms,2.70ms,0.26ms,19.11ms,3(DR0,0.51,0.12(W0.19),1.00,19.12/23.46,22.08,1,1.21,0,0,16:50:54.112,30,Quest-Pro,replay1.2
3,4,1382,525,70,0ms,0,0,44,0/0/1/44,1,0,0,FF,0/70/0,N/F/N,2092MHz,7892,0,31.0C/0.0C,4.24ms,1.96ms,0.26ms,13.79ms,3(DR0,0.51,0.14(W0.16),1.00,19.63/25.14,23.02,1,1.21,0,0,16:50:55.105,30,Quest-Pro,replay1.2
3,4,1382,525,69,0ms,0,0,1,0/0/0/0,1,0,0,FF,0/70/0,N/F/N,2092MHz,7892,0,31.0C/0.0C,4.20ms,2.02ms,0.26ms,14.42ms,3(DR0,0.50,0.10(W0.15),1.00,19.18/23.35,22.40,1,1.21,0,0,16:50:56.105,30,Quest-Pro,replay1.2
3,4,1382,525,69,0ms,0,0,10,1/1/0/7,1,0,0,FF,0/70/0,N/F/N,2092MHz,7892,0,31.0C/0.0C,4.23ms,2.03ms,0.26ms,14.51ms,3(DR0,0.50,0.15(W0.29),1.00,19.30/23.07,22.12,1,1.21,0,0,16:50:57.105,30,Quest-Pro,replay1.2
3,4,1382,525,70,0ms,0,0,14,0/2/0/7,1,0,0,FF,0/70/0,N/F/N,2092MHz,7892,0,31.0C/0.0C,4.19ms,2.14ms,0.26ms,14.44ms,3(DR0,0.51,0.09(W0.10),1.00,19.07/23.50,21.98,1,1.21,0,0,16:50:58.105,30,Quest-Pro,replay1.2
3,4,1382,525,70,0ms,0,0,7,1/1/0/5,1,0,0,FF,0/70/0,N/F/N,2092MHz,7892,0,31.0C/0.0C,4.21ms,2.16ms,0.26ms,14.27ms,3(DR0,0.51,0.10(W0.11),1.00,18.89/23.34,22.39,1,1.21,0,0,16:50:59.105,30,Quest-Pro,replay1.2
3,4,1382,525,72,0ms,0,0,7,0/1/0/7,1,0,0,FF,0/70/0,N/F/N,2092MHz,7892,0,31.0C/0.0C,4.27ms,2.39ms,0.26ms,13.80ms,3(DR0,0.51,0.05(W0.11),1.00,19.56/23.69,22.26,1,1.21,0,0,16:51:00.105,30,Quest-Pro,replay1.2
3,4,1382,525,72,0ms,0,0,11,1/1/0/5,1,0,0,FF,0/70/0,N/F/N,2092MHz,7892,0,31.0C/0.0C,4.27ms,2.14ms,0.26ms,13.80ms,3(DR0,0.45,0.06(W0.10),1.00,18.83/22.67,21.68,1,1.21,0,0,16:51:01.105,30,Quest-Pro,replay1.2
3,4,1382,525,69,0ms,0,0,38,1/0/1/35,1,0,0,FF,0/70/0,N/F/N,2092MHz,7892,0,31.0C/0.0C,4.24ms,1.99ms,0.25ms,19.39ms,3(DR0,0.50,0.10(W0.15),1.00,19.02/23.08,21.52,1,1.21,0,0,16:51:02.105,30,Quest-Pro,replay1.2
3,4,1382,525,70,0ms,0,0,3,1/0/0/2,1,0,0,FF,0/70/0,N/N/N,2092MHz,7892,0,30.7C/0.0C,4.24ms,1.99ms,0.26ms,13.93ms,3(DR0,0.50,0.11(W0.14),1.00,19.18/23.17,22.35,1,1.21,0,0,16:51:03.105,30,Quest-Pro,replay1.2
3,4,1382,525,71,0ms,0,0,20,0/0/0/0,1,0,0,FF,0/70/0,N/F/N,2092MHz,7892,0,30.7C/0.0C,4.25ms,2.06ms,0.26ms,13.86ms,3(DR0,0.50,0.12(W0.15),1.00,19.00/22.86,21.95,1,1.21,0,0,16:51:04.106,30,Quest-Pro,replay1.2
3,4,1382,525,47,0ms,0,0,18,0/0/1/38,1,0,0,FF,0/70/0,N/F/N,2092MHz,7892,0,30.7C/0.0C,4.23ms,-0.20ms,0.26ms,18.63ms,3(DR0,0.51,0.07(W0.16),1.00,19.03/22.87,21.70,1,1.21,0,0,16:51:05.106,30,Quest-Pro,replay1.2
3,4,1382,525,73,0ms,0,0,3,0/0/0/0,1,0,0,FF,0/70/0,N/F/N,2092MHz,7892,0,30.7C/0.0C,4.24ms,2.24ms,0.25ms,13.85ms,3(DR0,0.51,0.14(W0.19),1.00,18.78/23.04,21.80,1,1.21,0,0,16:51:06.106,30,Quest-Pro,replay1.2
3,4,1382,525,67,0ms,0,0,18,2/2/0/8,1,0,0,FF,0/70/0,N/F/N,2092MHz,7892,0,30.7C/0.0C,4.07ms,2.59ms,0.25ms,14.87ms,3(DR0,0.49,0.05(W0.05),1.00,19.23/24.91,24.07,1,1.21,0,0,16:51:07.106,30,Quest-Pro,replay1.2
3,4,1382,525,66,0ms,0,0,17,1/0/1/14,1,0,0,FF,0/70/0,N/F/N,2092MHz,7892,0,30.7C/0.0C,4.20ms,1.85ms,0.26ms,14.93ms,3(DR0,0.45,0.12(W0.15),1.00,20.65/25.56,23.51,1,1.21,0,0,16:51:08.106,30,Quest-Pro,replay1.2
3,4,1382,525,52,0ms,0,0,37,0/0/1/36,1,0,0,FF,0/70/0,N/F/N,2092MHz,7892,0,30.7C/0.0C,4.32ms,0.28ms,0.25ms,18.82ms,3(DR0,0.50,0.25(W0.26),1.00,19.84/23.67,22.52,1,1.21,0,0,16:51:09.106,30,Quest-Pro,replay1.2
3,4,1382,525,71,0ms,0,0,0,0/0/0/0,1,0,0,FF,0/70/0,N/F/N,2092MHz,7892,0,30.7C/0.0C,4.07ms,2.23ms,0.26ms,13.92ms,3(DR0,0.51,0.13(W0.22),1.00,19.59/23.10,22.21,1,1.21,0,0,16:51:10.106,30,Quest-Pro,replay1.2
3,4,1382,525,71,0ms,0,0,3,1/0/0/2,1,0,0,FF,0/70/0,N/F/N,2092MHz,7892,0,30.7C/0.0C,4.21ms,19.45ms,0.26ms,13.88ms,3(DR0,0.50,0.09(W0.14),1.00,19.10/23.26,22.00,1,1.21,0,0,16:51:11.106,30,Quest-Pro,replay1.2
3,4,1382,525,46,0ms,0,0,39,0/0/1/39,1,0,0,FF,0/70/0,N/F/N,2092MHz,7892,0,30.7C/0.0C,4.20ms,-0.39ms,0.25ms,19.00ms,3(DR0,0.51,0.26(W0.28),1.00,19.45/23.03,22.22,1,1.21,0,0,16:51:12.106,30,Quest-Pro,replay1.2
3,4,1382,525,73,0ms,0,0,2,1/0/0/2,1,0,0,FF,0/70/0,N/F/N,2092MHz,7892,0,30.7C/0.0C,4.19ms,2.26ms,0.26ms,13.82ms,3(DR0,0.50,0.16(W0.18),1.00,19.27/24.54,24.11,1,1.21,0,0,16:51:13.106,30,Quest-Pro,replay1.2
3,4,1382,525,70,0ms,0,0,8,0/1/0/7,1,0,0,FF,0/70/0,N/F/N,2092MHz,7887,0,30.7C/0.0C,4.24ms,2.90ms,0.26ms,14.27ms,3(DR0,0.45,0.08(W0.13),1.00,19.83/24.51,23.34,1,1.21,0,0,16:51:14.115,30,Quest-Pro,replay1.2
3,4,1382,525,48,0ms,0,0,48,0/1/0/5,1,0,0,FF,0/70/0,N/F/N,2092MHz,7887,0,30.7C/0.0C,4.27ms,-0.12ms,0.26ms,14.63ms,3(DR0,0.50,0.05(W0.10),1.00,19.78/24.33,22.91,1,1.21,0,0,16:51:15.106,30,Quest-Pro,replay1.2
3,4,1382,525,73,0ms,0,0,1,0/0/1/42,1,0,0,FF,0/70/0,N/N/N,2092MHz,7887,0,30.7C/0.0C,4.22ms,2.10ms,0.26ms,13.49ms,3(DR0,0.51,0.12(W0.19),1.00,19.64/23.76,22.56,1,1.21,0,0,16:51:16.106,30,Quest-Pro,replay1.2
3,4,1382,525,67,0ms,0,0,31,1/0/0/4,1,0,0,FF,0/70/0,N/F/N,2092MHz,7887,0,30.7C/0.0C,4.28ms,1.75ms,0.25ms,18.95ms,3(DR0,0.50,0.13(W0.17),1.00,19.19/24.48,22.71,1,1.21,0,0,16:51:17.106,30,Quest-Pro,replay1.2
3,4,1382,525,70,0ms,0,0,16,0/0/1/42,1,0,0,FF,0/70/0,N/F/N,2092MHz,7887,0,30.7C/0.0C,4.31ms,1.97ms,0.25ms,14.01ms,3(DR0,0.51,0.18(W0.22),1.00,19.25/24.26,22.63,1,1.21,0,0,16:51:18.106,30,Quest-Pro,replay1.2
3,4,1382,525,72,0ms,0,0,5,0/1/0/5,1,0,0,FF,0/70/0,N/F/N,1555MHz,7887,0,30.7C/0.0C,4.23ms,2.13ms,0.25ms,13.89ms,3(DR0,0.50,0.20(W0.29),1.00,19.42/24.73,22.94,1,1.21,0,0,16:51:19.107,30,Quest-Pro,replay1.2
3,4,1382,525,67,0ms,0,0,10,0/1/0/5,1,0,0,FF,0/70/0,N/F/N,2092MHz,7887,0,30.7C/0.0C,4.19ms,2.68ms,0.25ms,19.59ms,3(DR0,0.51,0.15(W0.18),1.00,19.54/24.20,22.78,1,1.21,0,0,16:51:20.107,30,Quest-Pro,replay1.2
3,4,1382,525,71,0ms,0,0,36,0/0/1/38,1,0,0,FF,0/70/0,N/F/N,2092MHz,7887,0,30.7C/0.0C,4.26ms,2.13ms,0.25ms,13.74ms,3(DR0,0.50,0.16(W0.22),1.00,19.90/24.59,23.18,1,1.21,0,0,16:51:21.107,30,Quest-Pro,replay1.2
3,4,1382,525,72,0ms,0,0,0,0/0/0/0,1,0,0,FF,0/70/0,N/F/N,1555MHz,7887,0,30.7C/0.0C,4.23ms,2.22ms,0.26ms,13.86ms,3(DR0,0.51,0.14(W0.18),1.00,19.52/24.02,22.53,1,1.21,0,0,16:51:22.107,30,Quest-Pro,replay1.2
3,4,1382,525,72,0ms,0,0,0,0/0/0/0,1,0,0,FF,0/70/0,N/F/N,2092MHz,7887,0,30.7C/0.0C,4.25ms,2.15ms,0.26ms,13.86ms,3(DR0,0.46,0.11(W0.23),1.00,19.08/24.44,22.36,1,1.21,0,0,16:51:23.107,30,Quest-Pro,replay1.2
3,4,1382,525,68,0ms,0,0,40,0/0/1/39,1,0,0,FF,0/70/0,N/F/N,2092MHz,7887,0,30.7C/0.0C,4.25ms,1.78ms,0.26ms,18.96ms,3(DR0,0.50,0.20(W0.30),1.00,19.07/23.84,22.14,1,1.21,0,0,16:51:24.107,30,Quest-Pro,replay1.2
3,4,1382,525,71,0ms,0,0,3,1/0/0/3,1,0,0,FF,0/70/0,N/F/N,2092MHz,7887,0,30.7C/0.0C,4.20ms,2.78ms,0.26ms,13.87ms,3(DR0,0.52,0.18(W0.26),1.00,19.24/26.34,24.66,1,1.21,0,0,16:51:25.107,30,Quest-Pro,replay1.2
3,4,1382,525,72,0ms,0,0,9,1/1/0/6,1,0,0,FF,0/70/0,N/F/N,2092MHz,7887,0,30.7C/0.0C,4.21ms,2.30ms,0.25ms,13.21ms,3(DR0,0.45,0.10(W0.22),1.00,20.82/26.29,24.58,1,1.21,0,0,16:51:26.107,30,Quest-Pro,replay1.2
3,4,1382,525,59,0ms,0,0,40,0/0/1/40,1,0,0,FF,0/70/0,N/F/N,2092MHz,7887,0,30.7C/0.0C,4.21ms,1.16ms,0.25ms,19.59ms,3(DR0,0.50,0.12(W0.22),1.00,19.64/25.14,23.44,1,1.21,0,0,16:51:27.107,30,Quest-Pro,replay1.2
3,4,1382,525,69,0ms,0,0,6,2/0/0/4,1,0,0,FF,0/70/0,N/F/N,2092MHz,7887,0,30.7C/0.0C,4.21ms,2.02ms,0.26ms,14.23ms,3(DR0,0.50,0.08(W0.14),1.00,19.61/24.65,22.60,1,1.21,0,0,16:51:28.107,30,Quest-Pro,replay1.2
3,4,1382,525,71,0ms,0,0,6,0/1/0/5,1,0,0,FF,0/70/0,N/F/N,2092MHz,7887,0,30.7C/0.0C,4.21ms,2.08ms,0.25ms,13.86ms,3(DR0,0.50,0.12(W0.19),1.00,19.28/24.08,22.36,1,1.21,0,0,16:51:29.107,30,Quest-Pro,replay1.2
3,4,1382,525,70,0ms,0,0,14,0/0/0/0,1,0,0,FF,0/70/0,N/F/N,2092MHz,7887,0,30.7C/0.0C,4.27ms,3.73ms,0.25ms,14.12ms,3(DR0,0.51,0.24(W0.27),1.00,19.06/23.52,22.03,1,1.21,0,0,16:51:30.107,30,Quest-Pro,replay1.2
3,4,1382,525,47,0ms,0,0,23,0/0/1/37,1,0,0,FF,0/70/0,N/F/N,2092MHz,7887,0,30.7C/0.0C,4.22ms,-0.32ms,0.26ms,18.74ms,3(DR0,0.45,0.09(W0.22),1.00,18.86/22.86,21.79,1,1.21,0,0,16:51:31.107,30,Quest-Pro,replay1.2
3,4,1382,525,45,0ms,0,0,38,0/0/1/38,1,0,0,FF,0/70/0,N/F/N,1555MHz,7887,0,30.7C/0.0C,4.07ms,-0.45ms,0.26ms,19.29ms,3(DR0,0.50,0.11(W0.14),1.00,18.87/22.56,21.65,1,1.21,0,0,16:51:32.107,30,Quest-Pro,replay1.2
3,4,1382,525,73,0ms,0,0,0,0/0/0/0,1,0,0,FF,0/70/0,N/F/N,2092MHz,7887,0,30.7C/0.0C,4.27ms,2.11ms,0.26ms,13.85ms,3(DR0,0.50,0.08(W0.14),1.00,19.04/23.26,21.84,1,1.21,0,0,16:51:33.107,30,Quest-Pro,replay1.2
3,4,1382,525,69,0ms,0,0,16,0/0/1/16,1,0,0,FF,0/70/0,N/F/N,2092MHz,7877,0,30.7C/0.0C,4.26ms,2.15ms,0.26ms,14.40ms,3(DR0,0.52,0.11(W0.18),1.00,18.89/22.75,21.69,1,1.21,0,0,16:51:34.115,30,Quest-Pro,replay1.2
3,4,1382,525,70,0ms,0,0,0,0/0/0/0,1,0,0,FF,0/70/0,N/F/N,2092MHz,7877,0,30.5C/0.0C,4.22ms,2.37ms,0.25ms,13.86ms,3(DR0,0.50,0.05(W0.10),1.00,19.02/23.45,21.86,1,1.21,0,0,16:51:35.108,30,Quest-Pro,replay1.2
3,4,1382,525,69,0ms,0,0,13,0/2/0/7,1,0,0,FF,0/70/0,N/F/N,2092MHz,7877,0,30.5C/0.0C,4.22ms,2.64ms,0.26ms,14.49ms,3(DR0,0.49,0.10(W0.14),1.00,19.11/25.51,24.72,1,1.21,0,0,16:51:36.108,30,Quest-Pro,replay1.2
3,4,1382,525,67,0ms,0,0,17,0/2/0/9,1,0,0,FF,0/70/0,N/F/N,2092MHz,7877,0,30.5C/0.0C,4.27ms,2.20ms,0.25ms,14.88ms,3(DR0,0.51,0.05(W0.10),1.00,19.67/24.66,23.50,1,1.21,0,0,16:51:37.108,30,Quest-Pro,replay1.2
3,4,1382,525,71,0ms,0,0,3,1/0/0/2,1,0,0,FF,0/70/0,N/F/N,2092MHz,7877,0,30.5C/0.0C,4.23ms,2.06ms,0.25ms,14.03ms,3(DR0,0.51,0.18(W0.23),1.00,19.46/24.08,22.64,1,1.21,0,0,16:51:38.108,30,Quest-Pro,replay1.2
3,4,1382,525,71,0ms,0,0,7,0/1/0/5,1,0,0,FF,0/70/0,N/F/N,2092MHz,7877,0,30.5C/0.0C,4.25ms,2.11ms,0.26ms,14.26ms,3(DR0,0.50,0.10(W0.14),1.00,19.38/24.81,22.69,1,1.21,0,0,16:51:39.108,30,Quest-Pro,replay1.2
3,4,1382,525,70,0ms,0,0,13,1/1/0/7,1,0,0,FF,0/70/0,N/N/N,2092MHz,7877,0,30.5C/0.0C,4.19ms,2.16ms,0.26ms,14.44ms,3(DR0,0.50,0.05(W0.11),1.00,19.37/24.45,22.85,1,1.21,0,0,16:51:40.108,30,Quest-Pro,replay1.2
3,4,1382,525,52,0ms,0,0,39,1/0/0/2,1,0,0,FF,0/70/0,N/F/N,2092MHz,7877,0,30.5C/0.0C,4.23ms,0.44ms,0.26ms,19.21ms,3(DR0,0.50,0.20(W0.35),1.00,19.62/25.73,24.04,1,1.21,0,0,16:51:41.108,30,Quest-Pro,replay1.2
3,4,1382,525,69,0ms,0,0,6,0/0/1/43,1,0,0,FF,0/70/0,N/F/N,2092MHz,7877,0,30.5C/0.0C,4.27ms,1.96ms,0.26ms,13.76ms,3(DR0,0.50,0.08(W0.14),1.00,19.57/24.85,23.05,1,1.21,0,0,16:51:42.108,30,Quest-Pro,replay1.2
3,4,1382,525,70,0ms,0,0,9,0/1/0/8,1,0,0,FF,0/70/0,N/F/N,2092MHz,7877,0,30.5C/0.0C,4.31ms,2.01ms,0.26ms,14.23ms,3(DR0,0.52,0.14(W0.26),1.00,19.54/24.19,22.66,1,1.21,0,0,16:51:43.108,30,Quest-Pro,replay1.2
3,4,1382,525,71,0ms,0,0,4,1/0/0/2,1,0,0,FF,0/70/0,N/F/N,2092MHz,7877,0,30.5C/0.0C,4.27ms,2.09ms,0.25ms,14.07ms,3(DR0,0.50,0.10(W0.14),1.00,19.35/23.70,22.26,1,1.21,0,0,16:51:44.108,30,Quest-Pro,replay1.2
3,4,1382,525,73,0ms,0,0,6,0/1/0/5,1,0,0,FF,0/70/0,N/F/N,2092MHz,7877,0,30.5C/0.0C,4.23ms,2.22ms,0.25ms,13.89ms,3(DR0,0.51,0.10(W0.14),1.00,18.77/23.15,21.96,1,1.21,0,0,16:51:45.108,30,Quest-Pro,replay1.2
3,4,1382,525,69,0ms,0,0,9,0/1/0/5,1,0,0,FF,0/70/0,N/F/N,2092MHz,7877,0,30.5C/0.0C,4.19ms,2.02ms,0.25ms,14.28ms,3(DR0,0.50,0.07(W0.14),1.00,18.63/23.58,21.77,1,1.21,0,0,16:51:46.108,30,Quest-Pro,replay1.2
3,4,1382,525,64,0ms,0,0,16,1/2/0/8,1,0,0,FF,0/70/0,N/F/N,1555MHz,7877,0,30.5C/0.0C,4.22ms,1.52ms,0.26ms,15.39ms,3(DR0,0.50,0.09(W0.16),1.00,18.83/23.75,22.20,1,1.21,0,0,16:51:47.108,30,Quest-Pro,replay1.2
3,4,1382,525,67,0ms,0,0,16,0/0/0/0,1,0,0,FF,0/70/0,N/F/N,1555MHz,7877,0,30.5C/0.0C,4.23ms,4.22ms,0.25ms,19.14ms,3(DR0,0.51,0.24(W0.25),1.00,19.02/23.76,22.00,1,1.21,0,0,16:51:48.108,30,Quest-Pro,replay1.2
3,4,1382,525,67,0ms,0,0,23,0/0/1/39,1,0,0,FF,0/70/0,N/F/N,1804MHz,7877,0,30.5C/0.0C,4.24ms,1.87ms,0.26ms,19.14ms,3(DR0,0.44,0.05(W0.10),1.00,18.96/24.22,22.09,1,1.21,0,0,16:51:49.109,30,Quest-Pro,replay1.2
3,4,1382,525,65,0ms,0,0,39,0/0/1/39,1,0,0,FF,0/70/0,N/F/N,1804MHz,7877,0,30.5C/0.0C,4.27ms,1.61ms,0.26ms,13.60ms,3(DR0,0.50,0.10(W0.15),1.00,18.75/23.65,22.00,1,1.21,0,0,16:51:50.109,30,Quest-Pro,replay1.2
3,4,1382,525,69,0ms,0,0,0,0/0/0/0,1,0,0,FF,0/70/0,N/F/N,1804MHz,7877,0,30.5C/0.0C,4.38ms,1.92ms,0.26ms,14.38ms,3(DR0,0.44,0.08(W0.14),1.00,18.84/22.79,21.73,1,1.21,0,0,16:51:51.109,30,Quest-Pro,replay1.2
3,4,1382,525,60,0ms,0,0,44,0/0/1/44,1,0,0,FF,0/70/0,N/F/N,1804MHz,7877,0,30.5C/0.0C,4.26ms,1.21ms,0.25ms,19.24ms,3(DR0,0.50,0.19(W0.37),1.00,18.88/24.27,22.15,1,1.21,0,0,16:51:52.109,30,Quest-Pro,replay1.2
3,4,1382,525,69,0ms,0,0,0,0/0/0/0,1,0,0,FF,0/70/0,N/F/N,1804MHz,7877,0,30.5C/0.0C,4.27ms,1.94ms,0.25ms,14.42ms,3(DR0,0.50,0.15(W0.19),1.00,19.11/24.11,22.50,1,1.21,0,0,16:51:53.109,30,Quest-Pro,replay1.2
3,4,1382,525,69,0ms,0,0,9,0/1/0/9,1,0,0,FF,0/70/0,N/F/N,1804MHz,7875,0,30.5C/0.0C,4.19ms,2.87ms,0.26ms,14.32ms,3(DR0,0.49,0.11(W0.14),1.00,19.23/24.20,22.61,1,1.21,0,0,16:51:54.117,30,Quest-Pro,replay1.2
3,4,1382,525,67,0ms,0,0,13,2/1/0/9,1,0,0,FF,0/70/0,N/F/N,2092MHz,7875,0,30.5C/0.0C,4.27ms,1.88ms,0.26ms,14.76ms,3(DR0,0.49,0.19(W0.24),1.00,19.13/23.57,22.27,1,1.21,0,0,16:51:55.109,30,Quest-Pro,replay1.2
3,4,1382,525,67,0ms,0,0,14,0/0/1/13,1,0,0,FF,0/70/0,N/F/N,1555MHz,7875,0,30.5C/0.0C,4.25ms,1.84ms,0.26ms,14.94ms,3(DR0,0.51,0.06(W0.10),1.00,19.35/23.49,22.44,1,1.21,0,0,16:51:56.109,30,Quest-Pro,replay1.2
3,4,1382,525,72,0ms,0,0,3,1/0/0/3,1,0,0,FF,0/70/0,N/F/N,2092MHz,7875,0,30.5C/0.0C,4.06ms,2.76ms,0.25ms,13.86ms,3(DR0,0.50,0.16(W0.19),1.00,19.02/23.77,22.19,1,1.21,0,0,16:51:57.109,30,Quest-Pro,replay1.2
3,4,1382,525,69,0ms,0,0,13,0/2/0/5,1,0,0,FF,0/70/0,N/F/N,2092MHz,7875,0,30.5C/0.0C,4.07ms,2.79ms,0.26ms,14.40ms,3(DR0,0.44,0.09(W0.17),1.00,18.85/22.66,21.79,1,1.21,0,0,16:51:58.109,30,Quest-Pro,replay1.2
3,4,1382,525,47,0ms,0,0,46,0/0/1/46,1,0,0,FF,0/70/0,N/N/N,1555MHz,7875,0,30.5C/0.0C,4.28ms,-0.35ms,0.25ms,18.50ms,3(DR0,0.50,0.05(W0.15),1.00,18.87/23.35,21.83,1,1.21,0,0,16:51:59.109,30,Quest-Pro,replay1.2
3,4,1382,525,52,0ms,0,0,37,0/0/1/37,1,0,0,FF,0/70/0,N/F/N,1555MHz,7875,0,30.5C/0.0C,4.28ms,0.51ms,0.26ms,18.58ms,3(DR0,0.51,0.08(W0.18),1.00,18.79/22.96,21.79,1,1.21,0,0,16:52:00.109,30,Quest-Pro,replay1.2
3,4,1382,525,70,0ms,0,0,0,0/0/0/0,1,0,0,FF,0/70/0,N/F/N,1555MHz,7875,0,30.5C/0.0C,4.12ms,1.86ms,0.27ms,14.05ms,3(DR0,0.51,0.12(W0.14),1.00,18.79/23.23,21.92,1,1.21,0,0,16:52:01.109,30,Quest-Pro,replay1.2
3,4,1382,525,72,0ms,0,0,10,1/1/0/7,1,0,0,FF,0/70/0,N/F/N,1555MHz,7875,0,30.5C/0.0C,4.26ms,2.18ms,0.25ms,14.01ms,3(DR0,0.50,0.10(W0.15),1.00,18.97/24.69,22.75,1,1.21,0,0,16:52:02.109,30,Quest-Pro,replay1.2
3,4,1382,525,69,0ms,0,0,15,0/0/0/0,1,0,0,FF,0/70/0,N/F/N,1555MHz,7875,0,30.5C/0.0C,4.17ms,68.62ms,0.25ms,14.36ms,3(DR0,0.52,0.13(W0.18),1.00,19.34/24.43,22.58,1,1.21,0,0,16:52:03.109,30,Quest-Pro,replay1.2
3,4,1382,525,46,0ms,0,0,25,0/0/1/40,1,0,0,FF,0/70/0,N/F/N,1804MHz,7875,0,30.5C/0.0C,4.29ms,-0.37ms,0.26ms,18.61ms,3(DR0,0.51,0.12(W0.14),1.00,18.88/24.15,22.57,1,1.21,0,0,16:52:04.110,30,Quest-Pro,replay1.2
3,4,1382,525,73,0ms,0,0,0,0/0/0/0,1,0,0,FF,0/70/0,N/N/N,1804MHz,7875,0,30.5C/0.0C,4.25ms,2.19ms,0.25ms,13.86ms,3(DR0,0.50,0.05(W0.14),1.00,19.10/24.59,22.48,1,1.21,0,0,16:52:05.110,30,Quest-Pro,replay1.2
3,4,1382,525,50,0ms,0,0,40,0/0/1/39,1,0,0,FF,0/70/0,N/F/N,1555MHz,7875,0,30.5C/0.0C,4.22ms,0.31ms,0.25ms,18.59ms,3(DR0,0.52,0.02(W0.05),1.00,19.16/24.05,22.70,1,1.21,0,0,16:52:06.110,30,Quest-Pro,replay1.2
3,4,1382,525,69,0ms,0,0,2,1/0/0/3,1,0,0,FF,0/70/0,N/F/N,1804MHz,7875,0,30.5C/0.0C,4.19ms,2.25ms,0.25ms,13.79ms,3(DR0,0.52,0.10(W0.14),1.00,20.10/26.95,25.03,1,1.21,0,0,16:52:07.110,30,Quest-Pro,replay1.2
3,4,1382,525,72,0ms,0,0,4,1/0/0/3,1,0,0,FF,0/70/0,N/F/N,1804MHz,7875,0,30.5C/0.0C,4.19ms,2.21ms,0.26ms,13.12ms,3(DR0,0.50,0.14(W0.19),1.00,20.43/25.84,24.05,1,1.21,0,0,16:52:08.110,30,Quest-Pro,replay1.2
3,4,1382,525,70,0ms,0,0,28,1/0/0/4,1,0,0,FF,0/70/0,N/F/N,1804MHz,7875,0,30.5C/0.0C,4.18ms,3.92ms,0.25ms,14.13ms,3(DR0,0.50,0.15(W0.22),1.00,19.61/24.78,22.76,1,1.21,0,0,16:52:09.110,30,Quest-Pro,replay1.2
3,4,1382,525,47,0ms,0,0,14,0/0/1/37,1,0,0,FF,0/70/0,N/F/N,1804MHz,7875,0,30.5C/0.0C,4.25ms,-0.16ms,0.26ms,18.50ms,3(DR0,0.50,0.13(W0.19),1.00,19.51/24.81,22.52,1,1.21,0,0,16:52:10.110,30,Quest-Pro,replay1.2
3,4,1382,525,73,0ms,0,0,3,1/0/0/2,1,0,0,FF,0/70/0,N/F/N,2092MHz,7875,0,30.5C/0.0C,4.21ms,2.80ms,0.25ms,13.86ms,3(DR0,0.50,0.08(W0.10),1.00,19.16/24.24,22.61,1,1.21,0,0,16:52:11.110,30,Quest-Pro,replay1.2
3,4,1382,525,71,0ms,0,0,8,2/0/0/4,1,0,0,FF,0/70/0,N/F/N,1555MHz,7875,0,30.5C/0.0C,4.18ms,2.59ms,0.26ms,14.02ms,3(DR0,0.51,0.20(W0.23),1.00,19.08/24.39,22.46,1,1.21,0,0,16:52:12.110,30,Quest-Pro,replay1.2
3,4,1382,525,69,0ms,0,0,35,0/1/0/7,1,0,0,FF,0/70/0,N/F/N,2092MHz,7875,0,30.5C/0.0C,4.18ms,3.27ms,0.25ms,19.25ms,3(DR0,0.52,0.05(W0.06),1.00,19.07/23.82,22.07,1,1.21,0,0,16:52:13.110,30,Quest-Pro,replay1.2
3,4,1382,525,71,0ms,0,0,17,1/0/1/41,1,0,0,FF,0/70/0,N/F/N,2092MHz,7879,0,30.5C/0.0C,4.26ms,2.13ms,0.25ms,13.82ms,3(DR0,0.52,0.18(W0.20),1.00,18.89/24.79,22.95,1,1.21,0,0,16:52:14.118,30,Quest-Pro,replay1.2
3,4,1382,525,71,0ms,0,0,7,0/1/0/7,1,0,0,FF,0/70/0,N/F/N,1555MHz,7879,0,30.7C/0.0C,4.23ms,2.31ms,0.25ms,13.91ms,3(DR0,0.51,0.12(W0.14),1.00,20.99/26.03,24.77,1,1.21,0,0,16:52:15.110,30,Quest-Pro,replay1.2
3,4,1382,525,70,0ms,0,0,9,1/1/0/6,1,0,0,FF,0/70/0,N/F/N,1555MHz,7879,0,30.7C/0.0C,4.28ms,2.48ms,0.25ms,14.39ms,3(DR0,0.48,0.18(W0.26),1.00,20.56/25.92,24.32,1,1.21,0,0,16:52:16.110,30,Quest-Pro,replay1.2
3,4,1382,525,65,0ms,0,0,21,0/2/0/9,1,0,0,FF,0/70/0,N/F/N,1555MHz,7879,0,30.7C/0.0C,4.23ms,4.68ms,0.25ms,15.24ms,3(DR0,0.49,0.11(W0.19),1.00,21.96/26.94,25.86,1,1.21,0,0,16:52:17.110,30,Quest-Pro,replay1.2
3,4,1382,525,69,0ms,0,0,7,0/0/1/13,1,0,0,FF,0/70/0,N/N/N,1804MHz,7879,0,30.7C/0.0C,4.30ms,2.03ms,0.26ms,14.51ms,3(DR0,0.51,0.14(W0.18),1.00,20.54/25.51,24.11,1,1.21,0,0,16:52:18.111,30,Quest-Pro,replay1.2
3,4,1382,525,47,0ms,0,0,37,0/0/1/37,1,0,0,FF,0/70/0,N/F/N,1804MHz,7879,0,30.7C/0.0C,4.27ms,-0.18ms,0.25ms,18.40ms,3(DR0,0.51,0.19(W0.24),1.00,19.83/24.49,23.01,1,1.21,0,0,16:52:19.111,30,Quest-Pro,replay1.2
3,4,1382,525,72,0ms,0,0,0,0/0/0/0,1,0,0,FF,0/70/0,N/F/N,1804MHz,7879,0,30.7C/0.0C,4.27ms,2.34ms,0.26ms,13.86ms,3(DR0,0.51,0.10(W0.14),1.00,19.43/23.91,22.34,1,1.21,0,0,16:52:20.111,30,Quest-Pro,replay1.2
3,4,1382,525,49,0ms,0,0,34,0/0/0/0,1,0,0,FF,0/70/0,N/F/N,1804MHz,7879,0,30.7C/0.0C,4.26ms,1.98ms,0.26ms,18.62ms,3(DR0,0.51,0.08(W0.14),1.00,19.32/23.03,21.96,1,1.21,0,0,16:52:21.111,30,Quest-Pro,replay1.2
3,4,1382,525,69,0ms,0,0,4,0/0/1/37,1,0,0,FF,0/70/0,N/F/N,1804MHz,7879,0,30.7C/0.0C,4.26ms,2.20ms,0.26ms,13.86ms,3(DR0,0.52,0.13(W0.15),1.00,19.13/23.56,21.77,1,1.21,0,0,16:52:22.111,30,Quest-Pro,replay1.2
3,4,1382,525,72,0ms,0,0,14,1/2/0/7,1,0,0,FF,0/70/0,N/F/N,1804MHz,7879,0,30.7C/0.0C,4.20ms,2.43ms,0.25ms,13.87ms,3(DR0,0.52,0.08(W0.14),1.00,18.20/27.09,25.86,1,1.21,0,0,16:52:23.111,30,Quest-Pro,replay1.2
3,4,1382,525,50,0ms,0,0,27,1/0/0/2,1,0,0,FF,0/70/0,N/F/N,1804MHz,7879,0,30.7C/0.0C,4.27ms,25.28ms,0.25ms,19.36ms,3(DR0,0.49,0.13(W0.15),1.00,22.28/27.25,26.01,1,1.21,0,0,16:52:24.111,30,Quest-Pro,replay1.2
3,4,1382,525,71,0ms,0,0,19,0/0/1/44,1,0,0,FF,0/70/0,N/F/N,1804MHz,7879,0,30.5C/0.0C,4.25ms,2.18ms,0.26ms,13.59ms,3(DR0,0.52,0.12(W0.15),1.00,20.48/26.04,24.35,1,1.21,0,0,16:52:25.111,30,Quest-Pro,replay1.2
3,4,1382,525,70,0ms,0,0,7,1/1/0/5,1,0,0,FF,0/70/0,N/F/N,1804MHz,7879,0,30.5C/0.0C,4.20ms,2.21ms,0.26ms,14.23ms,3(DR0,0.51,0.05(W0.05),1.00,20.02/24.08,23.17,1,1.21,0,0,16:52:26.111,30,Quest-Pro,replay1.2
3,4,1382,525,70,0ms,0,0,7,1/1/0/5,1,0,0,FF,0/70/0,N/F/N,1804MHz,7879,0,30.5C/0.0C,4.32ms,3.38ms,0.26ms,14.23ms,3(DR0,0.45,0.09(W0.10),1.00,20.02/24.08,23.17,1,1.21,0,0,16:52:27.111,30,Quest-Pro,replay1.2
3,4,1382,525,54,0ms,0,0,30,0/0/1/46,1,0,0,FF,0/70/0,N/F/N,1804MHz,7879,0,30.5C/0.0C,4.34ms,0.61ms,0.26ms,20.29ms,3(DR0,0.51,0.17(W0.22),1.00,19.41/23.48,22.22,1,1.21,0,0,16:52:28.111,30,Quest-Pro,replay1.2
3,4,1382,525,73,0ms,0,0,2,1/0/0/2,1,0,0,FF,0/70/0,N/F/N,1804MHz,7879,0,30.5C/0.0C,4.24ms,2.45ms,0.25ms,13.64ms,3(DR0,0.53,0.10(W0.20),1.00,19.34/27.00,26.85,1,1.21,0,0,16:52:29.111,30,Quest-Pro,replay1.2
3,4,1382,525,71,0ms,0,0,14,1/2/0/6,1,0,0,FF,0/70/0,N/F/N,1804MHz,7879,0,30.5C/0.0C,4.29ms,2.35ms,0.25ms,14.25ms,3(DR0,0.53,0.23(W0.27),1.00,21.00/26.27,24.53,1,1.21,0,0,16:52:30.111,30,Quest-Pro,replay1.2
3,4,1382,525,70,0ms,0,0,40,0/0/1/40,1,0,0,FF,0/70/0,N/F/N,1804MHz,7879,0,30.5C/0.0C,4.29ms,3.91ms,0.25ms,14.27ms,3(DR0,0.51,0.17(W0.19),1.00,20.18/24.47,23.40,1,1.21,0,0,16:52:31.111,30,Quest-Pro,replay1.2
3,4,1382,525,46,0ms,0,0,0,0/0/0/0,1,0,0,FF,0/70/0,N/F/N,2092MHz,7879,0,30.5C/0.0C,4.28ms,-0.19ms,0.25ms,18.41ms,3(DR0,0.50,0.16(W0.19),1.00,19.64/23.94,22.52,1,1.21,0,0,16:52:32.111,30,Quest-Pro,replay1.2
3,4,1382,525,72,0ms,0,0,27,0/0/0/0,1,0,0,FF,0/70/0,N/F/N,2092MHz,7879,0,30.5C/0.0C,4.15ms,26.46ms,0.26ms,13.86ms,3(DR0,0.50,0.14(W0.19),1.00,19.52/23.66,22.26,1,1.21,0,0,16:52:33.112,30,Quest-Pro,replay1.2
3,4,1382,525,47,0ms,0,0,15,0/0/1/42,1,0,0,FF,0/70/0,N/F/N,1555MHz,7866,0,30.5C/0.0C,4.30ms,-0.30ms,0.25ms,18.95ms,3(DR0,0.50,0.20(W0.29),1.00,18.95/23.10,22.05,1,1.21,0,0,16:52:34.120,30,Quest-Pro,replay1.2
3,4,1382,525,72,0ms,0,0,3,1/0/0/2,1,0,0,FF,0/70/0,N/F/N,1555MHz,7866,0,30.5C/0.0C,4.31ms,2.46ms,0.25ms,13.86ms,3(DR0,0.51,0.12(W0.15),1.00,18.74/22.83,21.70,1,1.21,0,0,16:52:35.112,30,Quest-Pro,replay1.2
3,4,1382,525,72,0ms,0,0,3,1/0/0/2,1,0,0,FF,0/70/0,N/F/N,1555MHz,7866,0,30.5C/0.0C,4.30ms,2.19ms,0.26ms,13.90ms,3(DR0,0.45,0.04(W0.05),1.00,18.74/22.83,21.70,1,1.21,0,0,16:52:36.112,30,Quest-Pro,replay1.2
3,4,1382,525,48,0ms,0,0,33,0/0/1/46,1,0,0,FF,0/70/0,N/F/N,1804MHz,7866,0,30.5C/0.0C,4.34ms,-0.07ms,0.25ms,19.11ms,3(DR0,0.52,0.13(W0.25),1.00,18.97/22.67,21.89,1,1.21,0,0,16:52:37.112,30,Quest-Pro,replay1.2
3,4,1382,525,71,0ms,0,0,33,0/0/1/46,1,0,0,FF,0/70/0,N/F/N,1804MHz,7866,0,30.5C/0.0C,4.28ms,2.22ms,0.26ms,13.65ms,3(DR0,0.46,0.08(W0.18),1.00,18.97/22.67,21.89,1,1.21,0,0,16:52:38.112,30,Quest-Pro,replay1.2
3,4,1382,525,54,0ms,0,0,39,1/0/1/39,1,0,0,FF,0/70/0,N/F/N,1804MHz,7866,0,30.5C/0.0C,4.25ms,0.79ms,0.26ms,18.97ms,3(DR0,0.52,0.19(W0.29),1.00,20.24/25.35,23.95,1,1.21,0,0,16:52:39.112,30,Quest-Pro,replay1.2
3,4,1382,525,71,0ms,0,0,12,0/0/1/11,1,0,0,FF,0/70/0,N/F/N,1804MHz,7866,0,30.5C/0.0C,4.24ms,3.62ms,0.26ms,13.96ms,3(DR0,0.50,0.13(W0.19),1.00,20.16/24.86,23.71,1,1.21,0,0,16:52:40.112,30,Quest-Pro,replay1.2
3,4,1382,525,68,0ms,0,0,0,0/0/0/0,1,0,0,FF,0/70/0,N/F/N,1804MHz,7866,0,30.5C/0.0C,4.25ms,1.94ms,0.26ms,14.55ms,3(DR0,0.50,0.12(W0.26),1.00,19.37/24.75,22.74,1,1.21,0,0,16:52:41.112,30,Quest-Pro,replay1.2
3,4,1382,525,71,0ms,0,0,8,2/0/0/3,1,0,0,FF,0/70/0,N/N/N,1804MHz,7866,0,30.5C/0.0C,4.21ms,2.51ms,0.25ms,14.06ms,3(DR0,0.51,0.11(W0.23),1.00,19.11/23.59,22.13,1,1.21,0,0,16:52:42.112,30,Quest-Pro,replay1.2
3,4,1382,525,68,0ms,0,0,41,0/0/1/41,1,0,0,FF,0/70/0,N/F/N,1804MHz,7866,0,30.5C/0.0C,4.22ms,2.01ms,0.25ms,18.92ms,3(DR0,0.51,0.09(W0.11),1.00,19.07/23.84,22.38,1,1.21,0,0,16:52:43.112,30,Quest-Pro,replay1.2
3,4,1382,525,69,0ms,0,0,0,0/0/0/0,1,0,0,FF,0/70/0,N/F/N,1804MHz,7866,0,30.5C/0.0C,4.22ms,1.93ms,0.25ms,13.99ms,3(DR0,0.49,0.15(W0.26),1.00,19.28/24.12,22.45,1,1.21,0,0,16:52:44.112,30,Quest-Pro,replay1.2
3,4,1382,525,72,0ms,0,0,7,0/1/0/7,1,0,0,FF,0/70/0,N/F/N,1804MHz,7866,0,30.7C/0.0C,4.08ms,2.45ms,0.25ms,13.86ms,3(DR0,0.49,0.13(W0.19),1.00,18.88/24.55,22.39,1,1.21,0,0,16:52:45.112,30,Quest-Pro,replay1.2
3,4,1382,525,71,0ms,0,0,7,0/1/0/7,1,0,0,FF,0/70/0,N/F/N,1804MHz,7866,0,30.7C/0.0C,4.23ms,2.02ms,0.26ms,14.15ms,3(DR0,0.44,0.09(W0.14),1.00,18.88/24.55,22.39,1,1.21,0,0,16:52:46.112,30,Quest-Pro,replay1.2
3,4,1382,525,46,0ms,0,0,30,0/0/1/42,1,0,0,FF,0/70/0,N/F/N,1804MHz,7866,0,30.7C/0.0C,4.25ms,-0.47ms,0.25ms,18.60ms,3(DR0,0.50,0.17(W0.26),1.00,18.97/23.87,22.49,1,1.21,0,0,16:52:47.112,30,Quest-Pro,replay1.2
3,4,1382,525,73,0ms,0,0,3,1/0/0/3,1,0,0,FF,0/70/0,N/F/N,1804MHz,7866,0,30.7C/0.0C,4.20ms,2.31ms,0.25ms,13.85ms,3(DR0,0.52,0.13(W0.15),1.00,19.74/27.18,26.45,1,1.21,0,0,16:52:48.113,30,Quest-Pro,replay1.2
3,4,1382,525,70,0ms,0,0,9,1/1/0/5,1,0,0,FF,0/70/0,N/F/N,1804MHz,7866,0,30.7C/0.0C,4.17ms,2.05ms,0.25ms,13.68ms,3(DR0,0.48,0.11(W0.18),1.00,22.22/27.12,26.00,1,1.21,0,0,16:52:49.113,30,Quest-Pro,replay1.2
3,4,1382,525,56,0ms,0,0,49,0/1/1/42,1,0,0,FF,0/70/0,N/F/N,1804MHz,7866,0,30.7C/0.0C,4.16ms,2.03ms,0.25ms,20.21ms,3(DR0,0.51,0.16(W0.30),1.00,20.77/25.00,23.79,1,1.21,0,0,16:52:50.113,30,Quest-Pro,replay1.2
3,4,1382,525,70,0ms,0,0,5,1/0/0/4,1,0,0,FF,0/70/0,N/F/N,1804MHz,7866,0,30.7C/0.0C,4.20ms,2.68ms,0.25ms,13.82ms,3(DR0,0.51,0.17(W0.17),1.00,19.53/23.90,22.54,1,1.21,0,0,16:52:51.113,30,Quest-Pro,replay1.2
3,4,1382,525,71,0ms,0,0,5,1/0/0/4,1,0,0,FF,0/70/0,N/F/N,1804MHz,7866,0,30.7C/0.0C,4.21ms,2.12ms,0.25ms,14.13ms,3(DR0,0.51,0.09(W0.23),1.00,19.53/23.90,22.54,1,1.21,0,0,16:52:52.113,30,Quest-Pro,replay1.2
3,4,1382,525,67,0ms,0,0,7,0/0/0/1,1,0,0,FF,0/70/0,N/F/N,2092MHz,7866,0,30.7C/0.0C,4.18ms,1.90ms,0.26ms,14.68ms,3(DR0,0.45,0.12(W0.17),1.00,19.83/24.08,22.55,1,1.21,0,0,16:52:53.113,30,Quest-Pro,replay1.2
3,4,1382,525,47,0ms,0,0,41,0/0/1/45,1,0,0,FF,0/70/0,N/F/N,2092MHz,7883,0,30.7C/0.0C,4.18ms,-0.35ms,0.25ms,18.25ms,3(DR0,0.50,0.17(W0.23),1.00,19.42/24.37,22.50,1,1.21,0,0,16:52:54.121,30,Quest-Pro,replay1.2
3,4,1382,525,72,0ms,0,0,4,1/0/0/3,1,0,0,FF,0/70/0,N/F/N,2092MHz,7883,0,30.7C/0.0C,4.23ms,2.16ms,0.26ms,14.05ms,3(DR0,0.50,0.23(W0.32),1.00,19.20/25.31,23.51,1,1.21,0,0,16:52:55.113,30,Quest-Pro,replay1.2
3,4,1382,525,54,0ms,0,0,33,0/0/1/33,1,0,0,FF,0/70/0,N/F/N,2092MHz,7883,0,30.7C/0.0C,4.07ms,2.64ms,0.26ms,18.40ms,3(DR0,0.48,0.10(W0.18),1.00,19.83/25.01,23.32,1,1.21,0,0,16:52:56.113,30,Quest-Pro,replay1.2
3,4,1382,525,69,0ms,0,0,0,0/0/0/0,1,0,0,FF,0/70/0,N/F/N,2092MHz,7883,0,30.7C/0.0C,4.27ms,2.03ms,0.25ms,14.48ms,3(DR0,0.50,0.12(W0.14),1.00,19.26/24.14,22.74,1,1.21,0,0,16:52:57.113,30,Quest-Pro,replay1.2
3,4,1382,525,69,0ms,0,0,7,0/1/0/5,1,0,0,FF,0/70/0,N/F/N,2092MHz,7883,0,30.7C/0.0C,4.26ms,2.01ms,0.26ms,14.49ms,3(DR0,0.51,0.03(W0.05),1.00,19.35/23.27,22.09,1,1.21,0,0,16:52:58.113,30,Quest-Pro,replay1.2
3,4,1382,525,62,0ms,0,0,28,0/0/0/0,1,0,0,FF,0/70/0,N/F/N,2092MHz,7883,0,30.7C/0.0C,4.30ms,14.03ms,0.26ms,18.96ms,3(DR0,0.47,0.13(W0.14),1.00,19.23/23.12,22.01,1,1.21,0,0,16:52:59.113,30,Quest-Pro,replay1.2
3,4,1382,525,71,0ms,0,0,28,0/0/0/0,1,0,0,FF,0/70/0,N/F/N,2092MHz,7883,0,30.7C/0.0C,4.31ms,2.29ms,0.26ms,14.06ms,3(DR0,0.52,0.16(W0.25),1.00,19.23/23.12,22.01,1,1.21,0,0,16:53:00.113,30,Quest-Pro,replay1.2
3,4,1382,525,69,0ms,0,0,8,0/0/1/34,1,0,0,FF,0/70/0,N/N/N,2092MHz,7883,0,30.7C/0.0C,4.20ms,2.47ms,0.26ms,14.42ms,3(DR0,0.50,0.11(W0.18),1.00,19.54/25.19,23.87,1,1.21,0,0,16:53:01.113,30,Quest-Pro,replay1.2
3,4,1382,525,49,0ms,0,0,7,0/1/0/6,1,0,0,FF,0/70/0,N/F/N,2092MHz,7883,0,30.7C/0.0C,4.26ms,2.03ms,0.26ms,18.58ms,3(DR0,0.51,0.13(W0.15),1.00,19.65/24.98,23.28,1,1.21,0,0,16:53:02.113,30,Quest-Pro,replay1.2
3,4,1382,525,49,0ms,0,0,39,0/0/1/39,1,0,0,FF,0/70/0,N/F/N,2092MHz,7883,0,30.7C/0.0C,4.25ms,0.49ms,0.26ms,18.58ms,3(DR0,0.46,0.06(W0.14),1.00,19.46/24.64,22.70,1,1.21,0,0,16:53:03.114,30,Quest-Pro,replay1.2
3,4,1382,525,67,0ms,0,0,12,1/0/0/4,1,0,0,FF,0/70/0,N/F/N,2092MHz,7883,0,30.7C/0.0C,4.28ms,1.74ms,0.26ms,18.91ms,3(DR0,0.51,0.10(W0.14),1.00,19.35/24.08,22.47,1,1.21,0,0,16:53:04.114,30,Quest-Pro,replay1.2
3,4,1382,525,69,0ms,0,0,26,0/0/1/33,1,0,0,FF,0/70/0,N/F/N,2092MHz,7883,0,30.7C/0.0C,4.31ms,1.97ms,0.26ms,14.83ms,3(DR0,0.51,0.15(W0.20),1.00,19.25/24.34,22.57,1,1.21,0,0,16:53:05.114,30,Quest-Pro,replay1.2
3,4,1382,525,72,0ms,0,0,8,0/1/0/7,1,0,0,FF,0/70/0,N/F/N,2092MHz,7883,0,30.7C/0.0C,4.30ms,3.96ms,0.26ms,14.07ms,3(DR0,0.51,0.16(W0.23),1.00,19.53/24.39,22.44,1,1.21,0,0,16:53:06.114,30,Quest-Pro,replay1.2
3,4,1382,525,70,0ms,0,0,38,0/0/1/37,1,0,0,FF,0/70/0,N/F/N,2092MHz,7883,0,30.7C/0.0C,4.28ms,2.01ms,0.26ms,14.24ms,3(DR0,0.51,0.13(W0.19),1.00,19.15/23.80,22.36,1,1.21,0,0,16:53:07.114,30,Quest-Pro,replay1.2
3,4,1382,525,58,0ms,0,0,0,0/0/0/0,1,0,0,FF,0/70/0,N/F/N,2092MHz,7883,0,30.7C/0.0C,4.21ms,2.79ms,0.26ms,13.85ms,3(DR0,0.53,0.11(W0.16),1.00,19.18/24.74,22.50,1,1.21,0,0,16:53:08.114,30,Quest-Pro,replay1.2
3,4,1382,525,69,0ms,0,0,39,0/0/1/39,1,0,0,FF,0/70/0,N/F/N,2092MHz,7883,0,30.7C/0.0C,4.25ms,2.94ms,0.26ms,14.19ms,3(DR0,0.49,0.17(W0.23),1.00,19.28/24.11,22.64,1,1.21,0,0,16:53:09.114,30,Quest-Pro,replay1.2
3,4,1382,525,70,0ms,0,0,9,1/1/0/7,1,0,0,FF,0/70/0,N/F/N,1555MHz,7883,0,30.7C/0.0C,4.28ms,2.06ms,0.26ms,14.29ms,3(DR0,0.45,0.03(W0.05),1.00,19.43/24.43,22.48,1,1.21,0,0,16:53:10.114,30,Quest-Pro,replay1.2
3,4,1382,525,48,0ms,0,0,8,0/0/0/0,1,0,0,FF,0/70/0,N/F/N,1555MHz,7883,0,30.7C/0.0C,4.26ms,-0.14ms,0.26ms,18.50ms,3(DR0,0.51,0.05(W0.06),1.00,19.21/24.58,22.45,1,1.21,0,0,16:53:11.114,30,Quest-Pro,replay1.2
3,4,1382,525,73,0ms,0,0,29,0/0/1/37,1,0,0,FF,0/70/0,N/F/N,1804MHz,7883,0,30.7C/0.0C,4.33ms,2.29ms,0.26ms,13.85ms,3(DR0,0.52,0.17(W0.22),1.00,19.18/24.69,22.55,1,1.21,0,0,16:53:12.114,30,Quest-Pro,replay1.2
3,4,1382,525,48,0ms,0,0,2,0/0/0/0,1,0,0,FF,0/70/0,N/F/N,1804MHz,7883,0,30.7C/0.0C,4.16ms,0.44ms,0.25ms,18.85ms,3(DR0,0.52,0.11(W0.14),1.00,19.10/24.75,22.56,1,1.21,0,0,16:53:13.114,30,Quest-Pro,replay1.2
3,4,1382,525,48,0ms,0,0,47,1/1/1/38,1,0,0,FF,0/70/0,N/F/N,1804MHz,7875,0,30.7C/0.0C,4.29ms,-0.02ms,0.25ms,18.85ms,3(DR0,0.45,0.07(W0.11),1.00,19.32/24.19,22.68,1,1.21,0,0,16:53:14.123,30,Quest-Pro,replay1.2
3,4,1382,525,62,0ms,0,0,31,1/0/0/2,1,0,0,FF,0/70/0,N/F/N,1804MHz,7875,0,30.7C/0.0C,4.22ms,1.28ms,0.25ms,13.48ms,3(DR0,0.50,0.16(W0.20),1.00,19.43/24.07,22.92,1,1.21,0,0,16:53:15.114,30,Quest-Pro,replay1.2
3,4,1382,525,68,0ms,0,0,19,0/0/1/41,1,0,0,FF,0/70/0,N/F/N,1555MHz,7875,0,30.7C/0.0C,4.29ms,1.88ms,0.25ms,14.40ms,3(DR0,0.51,0.13(W0.15),1.00,19.12/24.81,22.92,1,1.21,0,0,16:53:16.114,30,Quest-Pro,replay1.2
3,4,1382,525,70,0ms,0,0,2,1/1/0/7,1,0,0,FF,0/70/0,N/F/N,1555MHz,7875,0,30.7C/0.0C,4.24ms,2.59ms,0.26ms,14.28ms,3(DR0,0.46,0.11(W0.22),1.00,19.30/25.24,22.99,1,1.21,0,0,16:53:17.115,30,Quest-Pro,replay1.2
3,4,1382,525,50,0ms,0,0,35,1/1/0/7,1,0,0,FF,0/70/0,N/F/N,1555MHz,7875,0,30.7C/0.0C,4.31ms,0.29ms,0.26ms,19.47ms,3(DR0,0.52,0.16(W0.22),1.00,19.98/26.82,26.01,1,1.21,0,0,16:53:18.115,30,Quest-Pro,replay1.2
3,4,1382,525,65,0ms,0,0,25,0/0/1/44,1,0,0,FF,0/70/0,N/F/N,1804MHz,7875,0,30.7C/0.0C,4.25ms,1.65ms,0.26ms,14.48ms,3(DR0,0.51,0.07(W0.15),1.00,20.69/26.02,24.64,1,1.21,0,0,16:53:19.115,30,Quest-Pro,replay1.2
3,4,1382,525,71,0ms,0,0,13,2/0/1/13,1,0,0,FF,0/70/0,N/F/N,1804MHz,7875,0,30.7C/0.0C,4.21ms,2.18ms,0.25ms,14.07ms,3(DR0,0.45,0.06(W0.14),1.00,20.19/27.21,25.66,1,1.21,0,0,16:53:20.115,30,Quest-Pro,replay1.2
3,4,1382,525,48,0ms,0,0,34,0/0/0/1,1,0,0,FF,0/70/0,N/F/N,1804MHz,7875,0,30.7C/0.0C,4.34ms,0.08ms,0.26ms,18.68ms,3(DR0,0.53,0.12(W0.15),1.00,22.35/27.24,26.32,1,1.21,0,0,16:53:21.115,30,Quest-Pro,replay1.2
3,4,1382,525,71,0ms,0,0,15,0/0/1/46,1,0,0,FF,0/70/0,N/F/N,1804MHz,7875,0,30.7C/0.0C,4.40ms,2.09ms,0.26ms,13.99ms,3(DR0,0.51,0.05(W0.11),1.00,20.92/26.04,24.32,1,1.21,0,0,16:53:22.115,30,Quest-Pro,replay1.2
3,4,1382,525,72,0ms,0,0,0,0/0/0/0,1,0,0,FF,0/70/0,N/F/N,1804MHz,7875,0,30.7C/0.0C,4.27ms,3.98ms,0.25ms,13.87ms,3(DR0,0.51,0.15(W0.18),1.00,19.73/23.87,22.88,1,1.21,0,0,16:53:23.115,30,Quest-Pro,replay1.2
3,4,1382,525,47,0ms,0,0,39,1/0/1/37,1,0,0,FF,0/70/0,N/F/N,1804MHz,7875,0,30.7C/0.0C,4.27ms,-0.31ms,0.26ms,18.88ms,3(DR0,0.51,0.18(W0.22),1.00,19.91/25.37,24.08,1,1.21,0,0,16:53:24.115,30,Quest-Pro,replay1.2
3,4,1382,525,72,0ms,0,0,0,0/0/0/0,1,0,0,FF,0/70/0,N/F/N,1804MHz,7875,0,30.7C/0.0C,4.24ms,2.26ms,0.25ms,13.87ms,3(DR0,0.51,0.07(W0.11),1.00,19.90/24.29,23.05,1,1.21,0,0,16:53:25.115,30,Quest-Pro,replay1.2
3,4,1382,525,70,0ms,0,0,6,0/1/0/5,1,0,0,FF,0/70/0,N/F/N,1804MHz,7875,0,30.7C/0.0C,4.22ms,3.94ms,0.25ms,14.25ms,3(DR0,0.50,0.10(W0.14),1.00,19.40/23.29,22.34,1,1.21,0,0,16:53:26.115,30,Quest-Pro,replay1.2
3,4,1382,525,67,0ms,0,0,17,0/1/1/11,1,0,0,FF,0/70/0,N/F/N,1555MHz,7875,0,30.7C/0.0C,4.26ms,48.68ms,0.25ms,14.94ms,3(DR0,0.45,0.00(W0.00),1.00,19.25/23.02,22.03,1,1.21,0,0,16:53:27.115,30,Quest-Pro,replay1.2
3,4,1382,525,49,0ms,0,0,41,1/0/0/2,1,0,0,FF,0/70/0,N/F/N,1804MHz,7875,0,30.7C/0.0C,4.12ms,0.18ms,0.25ms,18.61ms,3(DR0,0.51,0.13(W0.23),1.00,18.88/24.55,23.81,1,1.21,0,0,16:53:28.115,30,Quest-Pro,replay1.2
3,4,1382,525,72,0ms,0,0,2,1/0/1/39,1,0,0,FF,0/70/0,N/F/N,1804MHz,7875,0,30.7C/0.0C,4.30ms,2.15ms,0.26ms,13.86ms,3(DR0,0.45,0.11(W0.24),1.00,20.06/24.12,23.11,1,1.21,0,0,16:53:29.115,30,Quest-Pro,replay1.2
3,4,1382,525,50,0ms,0,0,35,0/0/0/0,1,0,0,FF,0/70/0,N/F/N,1804MHz,7875,0,30.7C/0.0C,4.45ms,-0.02ms,0.25ms,18.13ms,3(DR0,0.51,0.19(W0.24),1.00,19.38/23.95,22.55,1,1.21,0,0,16:53:30.115,30,Quest-Pro,replay1.2
3,4,1382,525,70,0ms,0,0,8,1/0/1/41,1,0,0,FF,0/70/0,N/F/N,1804MHz,7875,0,30.7C/0.0C,4.28ms,2.34ms,0.26ms,13.86ms,3(DR0,0.52,0.20(W0.37),1.00,19.12/23.37,22.05,1,1.21,0,0,16:53:31.115,30,Quest-Pro,replay1.2
3,4,1382,525,72,0ms,0,0,6,2/0/0/4,1,0,0,FF,0/70/0,N/F/N,1804MHz,7875,0,30.7C/0.0C,4.28ms,2.33ms,0.26ms,13.90ms,3(DR0,0.45,0.00(W0.00),1.00,19.45/25.16,24.32,1,1.21,0,0,16:53:32.116,30,Quest-Pro,replay1.2
3,4,1382,525,46,0ms,0,0,40,1/0/0/2,1,0,0,FF,0/70/0,N/F/N,2092MHz,7875,0,30.7C/0.0C,4.26ms,-0.35ms,0.26ms,18.64ms,3(DR0,0.51,0.21(W0.28),1.00,20.15/24.59,23.29,1,1.21,0,0,16:53:33.116,30,Quest-Pro,replay1.2
3,4,1382,525,72,0ms,0,0,2,0/0/1/38,1,0,0,FF,0/70/0,N/F/N,2092MHz,7885,0,30.7C/0.0C,4.10ms,2.37ms,0.26ms,13.86ms,3(DR0,0.51,0.13(W0.19),1.00,19.63/24.02,22.40,1,1.21,0,0,16:53:34.124,30,Quest-Pro,replay1.2
3,4,1382,525,71,0ms,0,0,4,1/0/0/3,1,0,0,FF,0/70/0,N/F/N,2092MHz,7885,0,31.0C/0.0C,4.27ms,3.97ms,0.26ms,14.04ms,3(DR0,0.50,0.14(W0.20),1.00,19.34/23.45,21.99,1,1.21,0,0,16:53:35.116,30,Quest-Pro,replay1.2
3,4,1382,525,45,0ms,0,0,42,0/0/1/42,1,0,0,FF,0/70/0,N/F/N,2092MHz,7885,0,31.0C/0.0C,4.29ms,-0.24ms,0.26ms,19.04ms,3(DR0,0.51,0.14(W0.23),1.00,19.11/23.33,21.98,1,1.21,0,0,16:53:36.116,30,Quest-Pro,replay1.2
3,4,1382,525,72,0ms,0,0,2,0/0/0/1,1,0,0,FF,0/70/0,N/F/N,2092MHz,7885,0,31.0C/0.0C,4.18ms,2.12ms,0.26ms,14.07ms,3(DR0,0.45,0.13(W0.17),1.00,19.03/22.78,21.82,1,1.21,0,0,16:53:37.116,30,Quest-Pro,replay1.2
3,4,1382,525,47,0ms,0,0,39,0/0/0/0,1,0,0,FF,0/70/0,N/F/N,2092MHz,7885,0,31.0C/0.0C,4.08ms,-0.24ms,0.26ms,18.56ms,3(DR0,0.49,0.12(W0.14),1.00,18.99/22.76,21.62,1,1.21,0,0,16:53:38.116,30,Quest-Pro,replay1.2
3,4,1382,525,72,0ms,0,0,2,0/0/1/41,1,0,0,FF,0/70/0,N/F/N,1555MHz,7885,0,31.0C/0.0C,4.06ms,2.06ms,0.26ms,13.86ms,3(DR0,0.49,0.08(W0.14),1.00,19.04/22.65,21.78,1,1.21,0,0,16:53:39.116,30,Quest-Pro,replay1.2
3,4,1382,525,73,0ms,0,0,0,0/0/0/0,1,0,0,FF,0/70/0,N/F/N,2092MHz,7885,0,31.0C/0.0C,4.17ms,2.62ms,0.26ms,13.85ms,3(DR0,0.44,0.05(W0.10),1.00,18.97/23.65,22.12,1,1.21,0,0,16:53:40.116,30,Quest-Pro,replay1.2
3,4,1382,525,46,0ms,0,0,42,0/0/1/10,1,0,0,FF,0/70/0,N/F/N,2092MHz,7885,0,31.0C/0.0C,4.23ms,-0.56ms,0.26ms,19.26ms,3(DR0,0.50,0.07(W0.10),1.00,19.04/24.07,22.40,1,1.21,0,0,16:53:41.116,30,Quest-Pro,replay1.2
3,4,1382,525,68,0ms,0,0,15,0/0/1/47,1,0,0,FF,0/70/0,N/F/N,2092MHz,7885,0,31.0C/0.0C,4.28ms,1.94ms,0.26ms,14.40ms,3(DR0,0.51,0.19(W0.22),1.00,18.84/23.52,22.13,1,1.21,0,0,16:53:42.116,30,Quest-Pro,replay1.2
3,4,1382,525,73,0ms,0,0,1,0/0/0/1,1,0,0,FF,0/70/0,N/F/N,2092MHz,7885,0,31.0C/0.0C,4.25ms,2.18ms,0.26ms,13.85ms,3(DR0,0.50,0.09(W0.11),1.00,18.58/23.67,21.96,1,1.21,0,0,16:53:43.116,30,Quest-Pro,replay1.2
3,4,1382,525,72,0ms,0,0,2,0/0/0/1,1,0,0,FF,0/70/0,N/F/N,2092MHz,7885,0,31.0C/0.0C,4.20ms,2.13ms,0.26ms,13.82ms,3(DR0,0.50,0.10(W0.19),1.00,19.02/24.46,22.54,1,1.21,0,0,16:53:44.116,30,Quest-Pro,replay1.2
3,4,1382,525,70,0ms,0,0,7,0/1/0/5,1,0,0,FF,0/70/0,N/F/N,2092MHz,7885,0,31.0C/0.0C,4.33ms,10.73ms,0.26ms,13.86ms,3(DR0,0.53,0.18(W0.20),1.00,19.26/23.14,22.09,1,1.21,0,0,16:53:45.116,30,Quest-Pro,replay1.2
3,4,1382,525,49,0ms,0,0,38,0/0/1/38,1,0,0,FF,0/70/0,N/F/N,2092MHz,7885,0,31.0C/0.0C,4.34ms,0.11ms,0.26ms,18.17ms,3(DR0,0.52,0.05(W0.10),1.00,18.90/22.70,21.72,1,1.21,0,0,16:53:46.116,30,Quest-Pro,replay1.2
3,4,1382,525,72,0ms,0,0,3,1/0/0/2,1,0,0,FF,0/70/0,N/F/N,1555MHz,7885,0,31.0C/0.0C,4.40ms,2.86ms,0.26ms,13.85ms,3(DR0,0.45,0.05(W0.05),1.00,18.80/24.05,22.21,1,1.21,0,0,16:53:47.116,30,Quest-Pro,replay1.2
3,4,1382,525,48,0ms,0,0,32,0/0/0/0,1,0,0,FF,0/70/0,N/F/N,1555MHz,7885,0,31.0C/0.0C,4.37ms,-0.05ms,0.26ms,19.14ms,3(DR0,0.53,0.10(W0.14),1.00,19.03/24.28,22.45,1,1.21,0,0,16:53:48.117,30,Quest-Pro,replay1.2
3,4,1382,525,72,0ms,0,0,7,0/0/1/39,1,0,0,FF,0/70/0,N/F/N,1555MHz,7885,0,31.0C/0.0C,4.38ms,2.16ms,0.26ms,13.86ms,3(DR0,0.51,0.16(W0.18),1.00,20.14/25.76,23.76,1,1.21,0,0,16:53:49.117,30,Quest-Pro,replay1.2
3,4,1382,525,66,0ms,0,0,3,1/0/0/2,1,0,0,FF,0/70/0,N/F/N,1555MHz,7885,0,31.0C/0.0C,4.38ms,3.26ms,0.26ms,19.02ms,3(DR0,0.51,0.22(W0.36),1.00,19.54/24.74,23.03,1,1.21,0,0,16:53:50.117,30,Quest-Pro,replay1.2
3,4,1382,525,71,0ms,0,0,38,0/0/1/39,1,0,0,FF,0/70/0,N/F/N,1555MHz,7885,0,31.0C/0.0C,4.34ms,2.16ms,0.26ms,13.95ms,3(DR0,0.52,0.11(W0.19),1.00,20.12/24.52,23.06,1,1.21,0,0,16:53:51.117,30,Quest-Pro,replay1.2
3,4,1382,525,70,0ms,0,0,0,0/0/0/0,1,0,0,FF,0/70/0,N/F/N,2092MHz,7885,0,31.0C/0.0C,4.29ms,2.04ms,0.26ms,14.47ms,3(DR0,0.51,0.09(W0.11),1.00,19.38/24.20,22.43,1,1.21,0,0,16:53:52.117,30,Quest-Pro,replay1.2
